TypeError: __init__() got an unexpected keyword argument 'maxdeepth'<tab>model = DecisionTreeRegressor(maxdeepth=3)	maxdeepthはスペルミス<tab>max_depth=...に直す
TypeError: '(['week_num'], ['weather_num'], ['temperature'], ['kcal'])' is an invalid key<tab>X = df[['week_num'],['weather_num'],['temperature'],['kcal']]	複数列を指定する際の個々の[]は不要<tab>df[[列名1,列名2,...]]にする
AttributeError: 'list' object has no attribute 'sorted'<tab>b=a.sorted	sortedの使い方が違う<tab>sorted(a)のように書く
ValueError: invalid literal for int() with base 10: '3 4 5'<tab>A,B,C=map(int(input()))	'3 4 5'はint型に変換できない<tab>int(input())をmap(int,input().split())に直す
TypeError: '(['犯罪率'], ['犯罪率'], ['犯罪率'])' is an invalid key<tab>X = df[[column],[column],[column]]	複数列を指定する際の個々の[]は不要<tab>df[[列名1,列名2,...]]にする
NameError: name 'FecisionTreeRegressor' is not defined<tab>model = FecisionTreeRegressor()	FecisionTreeRegressorのスペルミス<tab>De
ValueError: too many values to unpack (expected 3)<tab>N, A, B = map(str, input().split())	入力した空白区切りの文字列の個数が3個ではない<tab>入力を見直すか、コードの変数の数を入力に対応した数に変更する
NameError: name 'train_test_split' is not defined<tab>X_train, X_test, y_train, y_test = train_test_split(X, y, test_size=0.5, random_state=0)	train_test_splitをimportしていない<tab>from sklearn.model_selection import train_test_split する
NameError: name '_pred' is not defined<tab>print(_pred)	変数_predが見つからない<tab>_pred=...のように定義する
ValueError: Expected 2D array, got 1D array instead:<nl>array=[404.40963855 404.40963855 404.40963855 404.40963855 404.40963855<nl> 404.40963855 404.40963855 404.40963855 404.40963855 404.40963855<nl> 404.40963855 404.40963855 404.40963855 404.40963855 404.40963855<nl> 404.40963855 404.40963855 404.40963855 404.40963855 404.40963855<nl> 404.40963855 404.40963855 404.40963855 404.40963855 404.40963855<nl> 404.40963855 404.40963855 404.40963855 404.         462.<nl> 435.         440.         376.         450.         415.<nl> 430.         375.         447.         426.         400.<nl> 418.         415.         445.         450.         448.<nl> 460.         445.         430.         420.         435.<nl> 425.         423.         415.         438.         432.<nl> 416.         426.         405.         426.         410.<nl> 408.         396.         384.         436.         428.<nl> 407.         413.         393.         409.         396.<nl> 385.         397.         370.         372.         360.<nl> 382.         400.         392.         372.         350.<nl> 407.         392.         315.         404.40963855 349.<nl> 377.         380.         390.         350.         387.<nl> 353.         376.         362.         404.40963855 340.<nl> 370.         330.         333.         325.         375.<nl> 382.         340.         360.         404.40963855 342.<nl> 368.         415.         420.         415.         405.<nl> 434.         400.         428.         430.         403.<nl> 404.40963855 406.         425.         430.         428.<nl> 400.         430.         423.         414.         438.<nl> 404.40963855 420.         418.         424.         405.<nl> 430.         417.         426.         413.         440.<nl> 404.40963855 440.         427.         426.         430.<nl> 407.         421.         430.         420.         414.<nl> 404.40963855 435.         362.         363.         412.<nl> 432.         354.         370.         388.         386.<nl> 404.40963855 418.         324.         434.         418.<nl> 401.         409.         355.         410.         404.40963855<nl> 432.         449.         441.         386.         380.<nl> 410.         400.         410.         415.         404.40963855<nl> 411.         400.         396.         385.         423.<nl> 405.         404.40963855 412.         400.         410.<nl> 396.         398.         380.         440.         408.<nl> 405.         380.         385.         460.         450.<nl> 385.         404.40963855 438.         430.         395.<nl> 400.         395.         408.         394.         404.40963855<nl> 404.         398.        ].<nl>Reshape your data either using array.reshape(-1, 1) if your data has a single feature or array.reshape(1, -1) if it contains a single sample.<tab>model.fit(X, y)	sklearnのfit()では、DataFrame型やnumpyの行列形式（縦ベクトル）しか使用できない<tab>二重括弧をつけるか、reshape(-1,1)をつける
"KeyError: ""['curry'] not in index""<tab>X = df_train[['year', 'month', 'day', 'week', 'soldout', 'kcal', 'payday', 'weather', 'remarks','temperature',""curry""]]"	データフレームdf_trainに列'curry'が見つからない<tab>列名あるいはデータフレーム名を確認して直す
"KeyError: ""None of [Index(['column'], dtype='object')] are in the [columns]""<tab>X = df[['column']]  # ひとつ選ぶ"	データフレームdfに列'column'が見つからない<tab>列名あるいはデータフレーム名を確認して直す
NameError: name 'read_csv' is not defined<tab>df = pd,read_csv('boston.csv')	pd,read_csvの,が違う<tab>pd.read_csv(ファイル名)でファイルを読み込む
AttributeError: type object 'int' has no attribute 'replace'<tab>print(int.replace('1', '9').replace('9', '1'))	int関数の使い方が違う<tab>int型にする場合はint()にする
NameError: name 'pandas' is not defined<tab>pandas.Series.value_counts()	pandasをimportしていない<tab>import pandasする
ValueError: Expected 2D array, got scalar array instead:<nl>array=0.02729.<nl>Reshape your data either using array.reshape(-1, 1) if your data has a single feature or array.reshape(1, -1) if it contains a single sample.<tab>model.fit(X[1][2], y)	sklearnのfit()では、DataFrame型やnumpyの行列形式（縦ベクトル）しか使用できない<tab>二重括弧をつけるか、reshape(-1,1)をつける
ValueError: invalid literal for int() with base 10: '100 80'<tab>A,B=map(int(input()))	'100 80'はint型に変換できない<tab>int(input())をmap(int,input().split())に直す
ValueError: too many values to unpack (expected 2)<tab>S,T=str(input())	入力した空白区切りの文字列の個数が2個ではない<tab>入力を見直すか、コードの変数の数を入力に対応した数に変更する
NameError: name 'figsize' is not defined<tab>plt.figure(figsize[7,7])	figsizeの使い方が違う<tab>figsize=(値,値)のようにする
NameError: name 'n' is not defined<tab>a=S[-int(n):]	変数nが見つからない<tab>n=...のように定義する
NameError: name 'ansgd' is not defined<tab>N=ansgd	変数ansgdが見つからない<tab>ansgd=...のように定義する
AttributeError: 'str' object has no attribute 'splirt'<tab>A,B,C=map(int,input().splirt())	splitのスペルが違う<tab>splitに直す
KeyError: ('kcal', 'temperature')<tab>X = df['kcal','temperature']  # 価格以外を全て説明変数に	カラム名は1つしか指定できない<tab>2つ以上のカラムを取り出したい時には、二重括弧を使う
TypeError: __init__() got an unexpected keyword argument 'figuresize'<tab>plt.figure(figuresize=(6,6))	figuresizeではグラフのサイズを指定できない<tab>plt.figure(figsize=...)に直す
NameError: name 'colomn' is not defined<tab>print(f'{colomn} 決定係数(R2):', r2)	変数colomnが見つからない<tab>colomnを定義するまたはcolumnに直す
"KeyError: ""None of [Index(['価格'], dtype='object')] are in the [columns]""<tab>X = df[['価格']]  # ひとつ選ぶ"	データフレームdfに列'価格'が見つからない<tab>列名あるいはデータフレーム名を確認して直す
NameError: name 'ausum' is not defined<tab>print(ausum)	変数ausumが見つからない<tab>ausum=...のように定義する
AttributeError: 'list' object has no attribute 'indet'<tab>i=a.indet(max(a))	indexのスペルが違う<tab>indetをindexに直す
"TypeError: can only concatenate str (not ""float"") to str<tab>print(round(X+0.5))"	Xと0.5の型が異なるので演算不可<tab>文字列または数値に揃える
AttributeError: 'float' object has no attribute 'input'<tab>N = float().input()	float型の入力コードが違う<tab>N=float(input())に直す
ValueError: invalid literal for int() with base 10: '123,234'<tab>A,B=map(int,input().split())	区切り文字の設定が','になっていない<tab>map(int,input().split())をmap(int,input().split(','))に直す
TypeError: 'str' object cannot be interpreted as an integer<tab>range('a')	rangeの中に文字列が入っている<tab>rangeの中に数値データを指定する
ValueError: Length mismatch: Expected axis has 1601 elements, new values have 41 elements<tab>df_uid_all.columns = column_list	元のデータフレームは1601列だけど与えられた要素は41個しかない<tab>要素を1601個にしよう
AttributeError: 'str' object has no attribute 'j'<tab>k_l.append([i.j])	リスト.にできない<tab>リストの中身は,を区切る
FileNotFoundError: [Errno 2] No such file or directory: 'cancer.csv'<tab>df = pd.read_csv('cancer.csv')	cancer.csvが見つからない<tab>ファイルのダウンロードし、ファイル名やファイルパスを確認をする
AttributeError: 'LinearRegression' object has no attribute 'feature_importances_'<tab>model.feature_importances_	LinearRegressionではmodel.feature_importances_は使えない<tab>モデルをDecisionTreeRegressorに変える
KeyError: ('kcal', 'weather_num', 'week_num', 'temperature')<tab>columns = df['kcal', 'weather_num', 'week_num', 'temperature']	カラム名は1つしか指定できない<tab>2つ以上のカラムを取り出したい時には、二重括弧を使う
IndexError: list index out of range<tab>if s[y][i]=='.':	リストsの指定可能なindexの範囲を超えている<tab>リストsの指定index見直す
"KeyError: ""None of [Index(['低所得'], dtype='object')] are in the [columns]""<tab>X = df[['低所得']]"	データフレームdfに列'低所得'が見つからない<tab>列名あるいはデータフレーム名を確認して直す
AttributeError: 'DataFrame' object has no attribute 'show'<tab>df.show()	dfを表示させるプログラムが間違っている<tab>display(df)に直す（1つならdfだけでも可）
TypeError: 'builtin_function_or_method' object is not iterable<tab>a,b=map(int,input().split)	()が不足している<tab>map(int,iunput().split())にする
KeyError: ('犯罪率', '犯罪率')<tab>rho = corr(df[column,column], df['住宅価格'])	カラム名は1つしか指定できない<tab>2つ以上のカラムを取り出したい時には、二重括弧を使う
NameError: name 'info' is not defined<tab>info()	info()のみでは使用できない<tab>データフレーム名.info()にする
ValueError: could not convert string to float: '月'<tab>model.fit(X, y)	文字列を数値に変えないと処理できない<tab>文字列を数値に変えるデータ前処理を行う
AttributeError: 'DataFrame' object has no attribute 'solumns'<tab>for column in df.solumns[:-1]:	データフレームには'solumns'という要素はない<tab>df.solumns[:-1]:をdf.columns[:-1]:に直す
"KeyError: ""['教育比'] not in index""<tab>X = df[['部屋数', '教育比', '資産税']]"	データフレームdfに列'教育比'が見つからない<tab>列名あるいはデータフレーム名を確認して直す
NameError: name 'White' is not defined<tab>print(White)	変数Whiteが見つからない<tab>White=...のように定義する
NameError: name 'blue' is not defined<tab>sns.kdeplot(df.groupby('学習時間').get_group(1)['G3'], shade = True, color = blue)	変数blueは見つからない<tab>blue=...で定義するまたは'blue'にする
"KeyError: ""['tempreture'] not in index""<tab>df[['kcal','weather_num','tempreture']]"	データフレームdfに列'tempreture'が見つからない<tab>列名あるいはデータフレーム名を確認して直す
NameError: name 'Nan' is not defined<tab>means = Nan	変数Nanが見つからない<tab>Nan=...のように定義する
"KeyError: ""[''] not found in axis""<tab>df.drop('', axis=1, inplace=True)"	dropする列が''になっている<tab>dropする列を決めて'削除したい列名'にする
AttributeError: 'int' object has no attribute 'columns'<tab>X = df[df.columns[:-1]]	dfがint型なためcolumnsがない<tab>dfの型を見直す
"FileNotFoundError: [Errno 2] No such file or directory: '/Users:/shion/Desktop/OJT/numa-chan/train_Numa_print.csv'<tab>X_train_numa_p = pd.read_csv(""/Users:/shion/Desktop/OJT/numa-chan/train_Numa_print.csv"")"	/Users:/shion/Desktop/OJT/numa-chan/train_Numa_print.csvが見つからない<tab>ファイルのダウンロードし、ファイル名やファイルパスを確認をする
NameError: name 'column1' is not defined<tab>rho = corr(df[column1,column2], df['住宅価格'])	変数column1が見つからない<tab>column1=...のように定義する
AttributeError: 'function' object has no attribute 'split'<tab>A,B,C=map(int,input.split())	inputの後ろに()がない<tab>map(型,input(),split())に直す
TypeError: 'DataFrame' object is not callable<tab>X = df(['通勤', '教員'])  # 説明変数	データフレームからのデータの抽出方法が違う<tab>丸かっこ () を角かっこ [] に直す
NotFittedError: This DecisionTreeRegressor instance is not fitted yet. Call 'fit' with appropriate arguments before using this estimator.<tab>plot_tree(model, feature_names=X.columns, filled=True)	fit<tab>
AttributeError: 'DecisionTreeRegressor' object has no attribute 'feature_inportances_'<tab>model.feature_inportances_	importances_のスペルが違う<tab>inportances_をimportances_に直す
"KeyError: ""None of [Index(['犯罪数'], dtype='object')] are in the [columns]""<tab>X = df[['犯罪数']]"	データフレームdfに列'犯罪数'が見つからない<tab>列名あるいはデータフレーム名を確認して直す
NameError: name 'y_train' is not defined<tab>pred_sub = y_train - pred	変数y_trainが見つからない<tab>y_train...のように定義する
NameError: name 'r' is not defined<tab>X = df[[r]]	変数rが見つからない<tab>変数rを定義する
ValueError: Expected 2D array, got 1D array instead:<nl>array=[0.         0.88888889 1.77777778 2.66666667 3.55555556 4.44444444<nl> 5.33333333 6.22222222 7.11111111 8.        ].<nl>Reshape your data either using array.reshape(-1, 1) if your data has a single feature or array.reshape(1, -1) if it contains a single sample.<tab>y_pred = model.predict(x)	sklearnのfit()では、DataFrame型やnumpyの行列形式（縦ベクトル）しか使用できない<tab>二重括弧をつけるか、reshape(-1,1)をつける
NameError: name 'DecisionTreerRegression' is not defined<tab>model = DecisionTreerRegression()	DecisionTreerRegressionが見つからない<tab>from sklearn.tree import DecisionTreeRegressorしてDecisionTreeRegressorと書く
ValueError: invalid literal for int() with base 10: ''<tab>N=int(input())	入力データがない<tab>入力データを見直す
"FileNotFoundError: [Errno 2] No such file or directory: ':/Users/shion/Desktop/OJT/numa-chan/train_Numa_print.csv'<tab>X_train_numa_p = pd.read_csv("":/Users/shion/Desktop/OJT/numa-chan/train_Numa_print.csv"")"	:/Users/shion/Desktop/OJT/numa-chan/train_Numa_print.csvが見つからない<tab>ファイルのダウンロードし、ファイル名やファイルパスを確認をする
ValueError: invalid literal for int() with base 10: 'oder'<tab>s,t=map(int,input().split())	文字列'oder'はint型に変換できない<tab>map(int,input().split())をmap(input().split())に直す
ValueError: could not convert string to float: '快晴'<tab>model.fit(X, y)	文字列を数値に変えないと処理できない<tab>文字列を数値に変えるデータ前処理を行う
KeyError: '友人と遊ぶ頻度'<tab>sns.boxplot(x=df['友人と遊ぶ頻度'], y=df['G3'])	データフレームdfに列'友人と遊ぶ頻度'が見つからない<tab>列名あるいはデータフレーム名を確認して直す
FileNotFoundError: [Errno 2] No such file or directory: 'train_Numa_print.csv'<tab>X_train_numa_p = pd.read_csv('train_Numa_print.csv')	train_Numa_print.csvが見つからない<tab>ファイルのダウンロードし、ファイル名やファイルパスを確認をする
TypeError: unsupported operand type(s) for /: 'str' and 'int'<tab>if X / 100 == 0:	Xが文字列型になっている<tab>Xの型を数値型にする
ValueError: x and y must be the same size<tab>plt.scatter(y, y_pred, c='red', alpha=0.3)	xとyが同じサイズでない<tab>xとyの大きさを確かめる
ValueError: Found input variables with inconsistent numbers of samples: [152, 354]<tab>print('R2(訓練):', r2_score(y_train, model.predict(X_train)))	y_trainとmodel.predict(X_train)のデータの個数が異なる<tab>len(データフレーム名[列名])でそれぞれのデータの個数を確認する
NameError: name 'sort' is not defined<tab>a=sort.a	sortメソッドの呼び出し方が違う<tab>対象のリスト.sort()の形式で書く
ValueError: not enough values to unpack (expected 3, got 1)<tab>N=a,b,c=map(int,input().split())	入力した値を入れる変数は3個あるけど、実際には1個しか入力されていない<tab>入力を3個に増やすか、変数を1個に減らそう
ValueError: Length mismatch: Expected axis has 1561 elements, new values have 1601 elements<tab>df_uid_all.columns = k_l_column	元のデータフレームは1561列だけど与えられた要素は1601個ある<tab>要素を1561個にしよう
"KeyError: ""None of [Index(['教員'], dtype='object')] are in the [columns]""<tab>X = df[['教員']]  # 説明変数"	データフレームdfに列'教員'が見つからない<tab>列名あるいはデータフレーム名を確認して直す
ValueError: not enough values to unpack (expected 6, got 4)<tab>a,b,c,d,x,y = map(int, input().split())	入力した値を入れる変数は6個あるけど、実際には4個しか入力されていない<tab>入力を6個に増やすか、変数を4個に減らそう
NameError: name 'fit' is not defined<tab>model,fit(X_train,y_train)	fitの使い方が違う<tab>カンマ, をピリオド. に直す
"UsageError: Cell magic `%%atcoderhttps://atcoder.jp/contests/abc171/tasks/abc171_` not found.<tab>get_ipython().run_cell_magic('atcoderhttps://atcoder.jp/contests/abc171/tasks/abc171_', '', ""s = 'A'\n'A' <= s <= 'Z'"")"	問題番号がない<tab>URLを見直してURLを正しく書く
NameError: name 'n0' is not defined<tab>if X%100==0 and X==n0:	変数n0が見つからない<tab>n0=...のように定義する
TypeError: 'float' object is not callable<tab>a,b,c,d=map(float(),input().split())	floatの後の()が不要<tab>floatの後の()を削除する
TypeError: '(['week'], ['y'], ['kcal'])' is an invalid key<tab>X = df[['week'],['y'],['kcal']]	複数列を指定する際の個々の[]は不要<tab>df[[列名1,列名2,...]]にする
ValueError: Invalid RGBA argument: ['red', 'blue']<tab>sns.boxplot(x=df['性別'], y=df['G3'],color=['red','blue'])	一度に複数の色は指定できない<tab>colorを分けて指定する
AttributeError: 'str' object has no attribute 'endwith'<tab>if S.endwith('er'):	endswithのスペルが違う<tab>endwithをendswithに直す
NameError: name 'array' is not defined<tab>array([19.94203311])	arrayが見つからない<tab>np.arrayにしてnumpy配列にする
NameError: name 'a2' is not defined<tab>max(a2)	変数a2が見つからない<tab>a2=...のように定義する
KeyError: '通勤時間'<tab>X = df['通勤時間']	データフレームdfに列'通勤時間'が見つからない<tab>列名あるいはデータフレーム名を確認して直す
TypeError: __init__() got an unexpected keyword argument 'fitsize'<tab>plt.figure(fitsize=(6,6))	figusizeではグラフのサイズを指定できない<tab>plt.figure(figsize=...)に直す
ValueError: invalid literal for int() with base 10: '1]'<tab>a,b,c,d=map(int,input().split())	'1]'はint型に変換できない<tab>入力データを見直す
"KeyError: ""None of [Index(['築年数'], dtype='object')] are in the [columns]""<tab>X = df[['築年数']]"	データフレームdfに列'築年数'が見つからない<tab>列名あるいはデータフレーム名を確認して直す
KeyError: 'weel'<tab>df['weel'].map({	データフレームdfに列'weel'が見つからない<tab>列名あるいはデータフレーム名を確認して直す
ValueError: Found array with dim 4. Estimator expected <= 2.<tab>model.fit(X, y)	2次元以下の入力を予想したが、4次元のデータが入力された<tab>次元を見直す
EOFError:<tab>N=int(input())	入力データがない<tab>入力データを作る
KeyError: 'weather'<tab>df['weather'].map({	データフレームdfに列'weather'が見つからない<tab>列名あるいはデータフレーム名を確認して直す
NameError: name 'R2' is not defined<tab>print(f'{column} 決定係数(R2):', R2)	変数R2が見つからない<tab>R2=...のように定義する
ValueError: invalid literal for int() with base 10: 'nikoandsolstice'<tab>k=int(input())	文字列'nikoandsolstice'はint型に変換できない<tab>int(input())をinput()に直す
ValueError: Expected 2D array, got 1D array instead:<nl>array=[404 404 404 404 404 404 404 404 404 404 404 404 404 404 404 404 404 404<nl> 404 404 404 404 404 404 404 404 404 404 404 462 435 440 376 450 415 430<nl> 375 447 426 400 418 415 445 450 448 460 445 430 420 435 425 423 415 438<nl> 432 416 426 405 426 410 408 396 384 436 428 407 413 393 409 396 385 397<nl> 370 372 360 382 400 392 372 350 407 392 315 404 349 377 380 390 350 387<nl> 353 376 362 404 340 370 330 333 325 375 382 340 360 404 342 368 415 420<nl> 415 405 434 400 428 430 403 404 406 425 430 428 400 430 423 414 438 404<nl> 420 418 424 405 430 417 426 413 440 404 440 427 426 430 407 421 430 420<nl> 414 404 435 362 363 412 432 354 370 388 386 404 418 324 434 418 401 409<nl> 355 410 404 432 449 441 386 380 410 400 410 415 404 411 400 396 385 423<nl> 405 404 412 400 410 396 398 380 440 408 405 380 385 460 450 385 404 438<nl> 430 395 400 395 408 394 404 404 398].<nl>Reshape your data either using array.reshape(-1, 1) if your data has a single feature or array.reshape(1, -1) if it contains a single sample.<tab>model.fit(X, y)	sklearnのfit()では、DataFrame型やnumpyの行列形式（縦ベクトル）しか使用できない<tab>二重括弧をつけるか、reshape(-1,1)をつける
ValueError: could not convert string to float: '2014-2-25'<tab>model.fit(X_train,y_train)	このデータはそのまま処理できない<tab>文字列を数値に変えるデータ前処理を行う
IndexError: string index out of range<tab>s[1]	指定したindexは文字列にない<tab>文字列またはindexの値を見直す
TypeError: '(['緑地'], ['犯罪率'])' is an invalid key<tab>X=df[[column],[b]]	複数列を指定する際の個々の[]は不要<tab>df[[列名1,列名2,...]]にする
NameError: name 'Y' is not defined<tab>print(Y)	変数Yが見つからない<tab>Y=...のように定義する
NameError: name 'ba' is not defined<tab>mi=[x for x in b if a[i]-ab<=ba[i]+ab]	変数baが見つからない<tab>ba=...のように定義する
"KeyError: ""['資産'] not in index""<tab>X = df[['資産','築年']]"	データフレームdfに列'資産'が見つからない<tab>列名あるいはデータフレーム名を確認して直す
"KeyError: ""['低所得理'] not in index""<tab>X = df[['低所得理', '資産税']]"	データフレームdfに列'低所得理'が見つからない<tab>列名あるいはデータフレーム名を確認して直す
AttributeError: 'list' object has no attribute 'sppend'<tab>SS[0].sppend(0)	appendのスペルが違う<tab>sppendをappendに直す
ValueError: invalid literal for int() with base 10: '123,345'<tab>A,B=map(int,input().split())	区切り文字の設定が','になっていない<tab>map(int,input().split())をmap(int,input().split(','))に直す
ValueError: invalid literal for int() with base 10: 'coder'<tab>a,b= map(int,input().split())	文字列'coder'はint型に変換できない<tab>map(int,input().split())をmap(input().split())に直す
NameError: name 'LinearRegression' is not defined<tab>model = LinearRegression()	LinearRegressionをimportしていない<tab>from sklearn.linear_model import LinearRegressionする
NameError: name 'soldout' is not defined<tab>X = df[df.columns[soldout,kcal,payday,temperature]]	変数soldoutが見つからない<tab>soldout=...のように定義する
ValueError: Expected 2D array, got 1D array instead:<nl>array=[6.575 6.421 7.185 6.998 7.147 6.43  6.012 6.172 5.631 6.004 6.377 6.009<nl> 5.889 5.949 6.096 5.834 5.935 5.99  5.456 5.727 5.57  5.965 6.142 5.813<nl> 5.924 5.599 5.813 6.047 6.495 6.674 5.713 6.072 5.95  5.701 6.096 5.933<nl> 5.841 5.85  5.966 6.595 7.024 6.77  6.169 6.211 6.069 5.682 5.786 6.03<nl> 5.399 5.602 5.963 6.115 6.511 5.998 5.888 7.249 6.383 6.816 6.145 5.927<nl> 5.741 5.966 6.456 6.762 7.104 6.29  5.787 5.878 5.594 5.885 6.417 5.961<nl> 6.065 6.245 6.273 6.286 6.279 6.14  6.232 5.874 6.727 6.619 6.302 6.167<nl> 6.389 6.63  6.015 6.121 7.007 7.079 6.417 6.405 6.442 6.211 6.249 6.625<nl> 6.163 8.069 7.82  7.416 6.727 6.781 6.405 6.137 6.167 5.851 5.836 6.127<nl> 6.474 6.229 6.195 6.715 5.913 6.092 6.254 5.928 6.176 6.021 5.872 5.731<nl> 5.87  6.004 5.961 5.856 5.879 5.986 5.613 5.693 6.431 5.637 6.458 6.326<nl> 6.372 5.822 5.757 6.335 5.942 6.454 5.857 6.151 6.174 5.019 5.403 5.468<nl> 4.903 6.13  5.628 4.926 5.186 5.597 6.122 5.404 5.012 5.709 6.129 6.152<nl> 5.272 6.943 6.066 6.51  6.25  7.489 7.802 8.375 5.854 6.101 7.929 5.877<nl> 6.319 6.402 5.875 5.88  5.572 6.416 5.859 6.546 6.02  6.315 6.86  6.98<nl> 7.765 6.144 7.155 6.563 5.604 6.153 7.831 6.782 6.556 7.185 6.951 6.739<nl> 7.178 6.8   6.604 7.875 7.287 7.107 7.274 6.975 7.135 6.162 7.61  7.853<nl> 8.034 5.891 6.326 5.783 6.064 5.344 5.96  5.404 5.807 6.375 5.412 6.182<nl> 5.888 6.642 5.951 6.373 6.951 6.164 6.879 6.618 8.266 8.725 8.04  7.163<nl> 7.686 6.552 5.981 7.412 8.337 8.247 6.726 6.086 6.631 7.358 6.481 6.606<nl> 6.897 6.095 6.358 6.393 5.593 5.605 6.108 6.226 6.433 6.718 6.487 6.438<nl> 6.957 8.259 6.108 5.876 7.454 8.704 7.333 6.842 7.203 7.52  8.398 7.327<nl> 7.206 5.56  7.014 8.297 7.47  5.92  5.856 6.24  6.538 7.691 6.758 6.854<nl> 7.267 6.826 6.482 6.812 7.82  6.968 7.645 7.923 7.088 6.453 6.23  6.209<nl> 6.315 6.565 6.861 7.148 6.63  6.127 6.009 6.678 6.549 5.79  6.345 7.041<nl> 6.871 6.59  6.495 6.982 7.236 6.616 7.42  6.849 6.635 5.972 4.973 6.122<nl> 6.023 6.266 6.567 5.705 5.914 5.782 6.382 6.113 6.426 6.376 6.041 5.708<nl> 6.415 6.431 6.312 6.083 5.868 6.333 6.144 5.706 6.031 6.316 6.31  6.037<nl> 5.869 5.895 6.059 5.985 5.968 7.241 6.54  6.696 6.874 6.014 5.898 6.516<nl> 6.635 6.939 6.49  6.579 5.884 6.728 5.663 5.936 6.212 6.395 6.127 6.112<nl> 6.398 6.251 5.362 5.803 8.78  3.561 4.963 3.863 4.97  6.683 7.016 6.216<nl> 5.875 4.906 4.138 7.313 6.649 6.794 6.38  6.223 6.968 6.545 5.536 5.52<nl> 4.368 5.277 4.652 5.    4.88  5.39  5.713 6.051 5.036 6.193 5.887 6.471<nl> 6.405 5.747 5.453 5.852 5.987 6.343 6.404 5.349 5.531 5.683 4.138 5.608<nl> 5.617 6.852 5.757 6.657 4.628 5.155 4.519 6.434 6.782 5.304 5.957 6.824<nl> 6.411 6.006 5.648 6.103 5.565 5.896 5.837 6.202 6.193 6.38  6.348 6.833<nl> 6.425 6.436 6.208 6.629 6.461 6.152 5.935 5.627 5.818 6.406 6.219 6.485<nl> 5.854 6.459 6.341 6.251 6.185 6.417 6.749 6.655 6.297 7.393 6.728 6.525<nl> 5.976 5.936 6.301 6.081 6.701 6.376 6.317 6.513 6.209 5.759 5.952 6.003<nl> 5.926 5.713 6.167 6.229 6.437 6.98  5.427 6.162 6.484 5.304 6.185 6.229<nl> 6.242 6.75  7.061 5.762 5.871 6.312 6.114 5.905 5.454 5.414 5.093 5.983<nl> 5.983 5.707 5.926 5.67  5.39  5.794 6.019 5.569 6.027 6.593 6.12  6.976<nl> 6.794 6.03 ].<nl>Reshape your data either using array.reshape(-1, 1) if your data has a single feature or array.reshape(1, -1) if it contains a single sample.<tab>model.fit(X, y)	sklearnのfit()では、DataFrame型やnumpyの行列形式（縦ベクトル）しか使用できない<tab>二重括弧をつけるか、reshape(-1,1)をつける
AttributeError: 'DataFrame' object has no attribute 'colums'<tab>for colum in df.colums[:-1]:	データフレームには'colums'という要素はない<tab>df.colums[:-1]:をdf.columns[:-1]:に直す
NameError: name 'DecisionTreerRegressor' is not defined<tab>model = DecisionTreerRegressor()	DecisionTreerRegressorが見つからない<tab>from sklearn.tree import DecisionTreeRegressorしてDecisionTreeRegressorと書く
ValueError: invalid literal for int() with base 10: 'B'<tab>N=int(input())	文字列''B'はint型に変換できない<tab>int(input())をinput()に直す
"KeyError: ""['川辺'] not in index""<tab>X = df[['低所得率', '川辺']]"	データフレームdfに列'川辺'が見つからない<tab>列名あるいはデータフレーム名を確認して直す
NameError: name 'g3' is not defined<tab>plt.hist(df['性別'],df[g3])	変数g3が見つからない<tab>g3=...のように定義する
NameError: name 'uid' is not defined<tab>k_l_column = uid + k_l_column	変数uidが見つからない<tab>uid=...のように定義する
KeyError: '成績'<tab>sns.boxplot(x=df['成績'], y=df['G3'], order=order_by)	データフレームdfに列'成績'が見つからない<tab>列名あるいはデータフレーム名を確認して直す
ValueError: invalid literal for int() with base 10: 'p'<tab>Num_list.append(int(Data_list[i]))	文字列'p'はint型に変換できない<tab>(int(Data_list[i]))を(Data_list[i])に直す
KeyError: ('y', 'soldout')<tab>X = df['y','soldout']	カラム名は1つしか指定できない<tab>2つ以上のカラムを取り出したい時には、二重括弧を使う
"KeyError: ""None of [Index(['低所得理宇t'], dtype='object')] are in the [columns]""<tab>X = df[['低所得理宇t']]  # ひとつ選ぶ"	データフレームdfに列'低所得理宇t'が見つからない<tab>列名あるいはデータフレーム名を確認して直す
TypeError: value_counts() missing 1 required positional argument: 'values'<tab>pd.value_counts()	value_countsは列を指定する必要がある<tab>df['列名'].value_counts()で要素数を数える
TypeError: __init__() got an unexpected keyword argument 'maxdepth'<tab>model = DecisionTreeRegressor(maxdepth=3)	maxdepthはスペルミス<tab>max_depth=...に直す
NameError: name '犯罪率' is not defined<tab>X = df[[犯罪率]]	"列名をダブルクォテーション（""""）で囲んでいない<tab>""犯罪""のようにダブルクォーテーションで列名を囲む"
"KeyError: ""['weather_num', 'temprature'] not in index""<tab>df[['week','weather_num','temprature']]"	データフレームdfに列'weather_num', 'temprature'が見つからない<tab>列名あるいはデータフレーム名を確認して直す
TypeError: object of type 'int' has no len()<tab>if len(N)==4:	int型のオブジェクトにはlenを使えない<tab>str型に変換する
NameError: name 'm' is not defined<tab>SS.append(S[m])	変数mが見つからない<tab>m=...のように定義する
ValueError: invalid literal for int() with base 10: 'abc'<tab>S=int(input())	'abc'はint型に変換できない<tab>int(input())をinput()に直す
TypeError: __init__() got an unexpected keyword argument 'maxdeapth'<tab>model = DecisionTreeRegressor(maxdeapth=3)	maxdeapthはスペルミス<tab>max_depth=...に直す
ValueError: Found input variables with inconsistent numbers of samples: [85, 83]<tab>print('R2(テスト):', r2_score(y_test, y_pred))	y_testとy_predのデータの個数が異なる<tab>len(データフレーム名[列名])でそれぞれのデータの個数を確認する
TypeError: unsupported operand type(s) for *: 'range' and 'range'<tab>print(x*y)	x,yがrange型になっている<tab>x,yの型を数値型にする
NameError: name 'make_mean_list' is not defined<tab>mean_list_all = make_mean_list(sample_list, df_keys['keys'])	変数make_mean_listが見つからない<tab>make_mean_listのスペルの確認やmake_mean_list=...で定義する
NameError: name 'df' is not defined<tab>plt.scatter(df['部屋数'], df['住宅価格'])	データフレームdfが見つからない<tab>データフレーム名を確認して直すか、新たにデータフレームを作る
"KeyError: ""['soldo'] not in index""<tab>X = df[['soldo','kcal','payday','temperature', 'weather_num','week_num', 'precipitation_num','event_num','remarks_num']]"	データフレームdfに列'soldo'が見つからない<tab>列名あるいはデータフレーム名を確認して直す
AttributeError: 'list' object has no attribute 'apend'<tab>ss.apend(chr(a)) #リストに追加	appendのスペルが違う<tab>apendをappendに直す
ImportError: cannot import name 'Pipeline' from 'sklearn.ensemble' (/usr/local/lib/python3.7/dist-packages/sklearn/ensemble/__init__.py)<tab>from sklearn.ensemble import Pipeline	import元が異なる<tab>from sklearn.pipeline import Pipelineでimportする
NameError: name 'recall' is not defined<tab>print(f'再現率 {recall:.5f}')	変数recallが見つからない<tab>recall=...のように定義する
AttributeError: 'PathCollection' object has no property 'coloer'<tab>plt.scatter(y, y_pred, coloer = 'red', alpa = 0.3)	colorのスペルが違う<tab>coloerをcolorに直す
AttributeError: type object 'str' has no attribute 'input'<tab>a = str.input()	str型のinput方法が異なる<tab>str(input())に直す
NameError: name 'BaggingRegressor' is not defined<tab>model = BaggingRegressor(max_depth=3)	変数BaggingRegressorが見つからない<tab>BaggingRegressor=...のように定義する
NameError: name 'x_pred' is not defined<tab>plt.scatter(y, x_pred, c='red', alpha=0.3)	変数x_predが見つからない<tab>x_pred=...のように定義する
ValueError: invalid literal for int() with base 2: 'A'<tab>print(int('A',K))	文字列'A'はint型に変換できない<tab>print(int('A',K))をprint('A')に直す
TypeError: '(['犯罪率'], 0      0.00632<nl>1      0.02731<nl>2      0.02729<nl>3      0.03237<nl>4      0.06905<nl>        ...   <nl>501    0.06263<nl>502    0.04527<nl>503    0.06076<nl>504    0.10959<nl>505    0.04741<nl>Name: 犯罪率, Length: 506, dtype: float64)' is an invalid key<tab>X = df[[column], df[column]]	複数列を指定する際の個々の[]は不要<tab>df[[列名1,列名2,...]]にする
ValueError: Found array with dim 3. Estimator expected <= 2.<tab>model.fit(X, y)	2次元以下の入力を予想したが、3次元のデータが入力された<tab>次元を見直す
NameError: name 'DecisionTreeRegressior' is not defined<tab>model = DecisionTreeRegressior()	DecisionTreeRegressiorが見つからない<tab>from sklearn.tree import DecisionTreeRegressorしてDecisionTreeRegressorと書く
NameError: name 'sort' is not defined<tab>x,y = map(int,input()/split())	splitメソッドの呼び出し方が違う<tab>カンマを打つべきところがスラッシュになっている
NameError: name 'seq' is not defined<tab>if len(seq[i][0]) != len(set(seq[i+1][0])) and len(seq[i][1]) != len(set(seq[i+1][1])):	seqが見つからない<tab>seqを定義するまたはseqを関数として使用
FileNotFoundError: [Errno 2] No such file or directory: 'boston.csv'<tab>df = pd.read_csv('boston.csv')	boston.csvが見つからない<tab>ファイルのダウンロードし、ファイル名やファイルパスを確認をする
NameError: name 'sample' is not defined<tab>df=sample(150)	sample単体で使用できない<tab>df.sample()にする
AttributeError: 'list' object has no attribute 'max'<tab>print(r2.max())	リストに対するmaxの使い方が違う<tab>max(リスト名)にする
TypeError: __init__() got an unexpected keyword argument 'figusize'<tab>plt.figure(figusize=(6,6))	figusizeではグラフのサイズを指定できない<tab>plt.figure(figsize=...)に直す
AttributeError: 'LinearRegression' object has no attribute 'preddict'<tab>y_pred=model.preddict(X)	predictのスペルが違う<tab>preddictをpredictに直す
"UsageError: Cell magic `%%actcoder` not found.<tab>get_ipython().run_cell_magic('actcoder', 'https://atcoder.jp/contests/abc168/tasks/abc168_b', 'K=int(input())\nS=str(input())\np=S[0:K]\ns=len(S)\nif s<=K:\n  print(S)\nelse:\n  print(p,end="""",\'...\')')"	%%atcoderのスペルが違う<tab>%%actcoderを%%atcoderに直す
TypeError: list indices must be integers or slices, not tuple<tab>print(s[1,2,0])	インデックスを並べてかけない<tab>print(s[1],s[2],s[0]) に直す
TypeError: range expected 1 arguments, got 0<tab>for i in range():	for文の()の値が見つからない<tab>for i in range(iの範囲)にする
NameError: name 'SVR' is not defined<tab>model = SVR(max_depth=depth)  # None 制限なし	SVRがimportされていない<tab>from sklearn.svm import SVRのようにimportする
ValueError: invalid literal for int() with base 10: 'xox'<tab>N, X = map(int, input().split())	文字列'xox'はint型に変換できない<tab>map(int,input().split())をmap(input().split())に直す
NameError: name 'DecisionTreeRegression' is not defined<tab>model = DecisionTreeRegression()	DecisionTreeRegressionが見つからない<tab>from sklearn.tree import DecisionTreeRegressorしてDecisionTreeRegressorと書く
AttributeError: 'LinearRegression' object has no attribute 'fix'<tab>model.fix(X,y)	model.fitのスペルが違う<tab>model.fixをmodel.fitに直す
ValueError: invalid literal for int() with base 10: '123,122'<tab>A,B=map(int, input().split())	区切り文字の設定が','になっていない<tab>map(int,input().split())をmap(int,input().split(','))に直す
TypeError: __init__() got an unexpected keyword argument 'model'<tab>model = DecisionTreeRegressor(model = DecisionTreeRegressor(max_depth=3))	modelの中でmodelは定義できない<tab>model = DecisionTreeRegressor()に直す
"KeyError: ""None of [Index(['p', 'r', 'i', 'n', 't', 'Shift', '('], dtype='object')] are in the [columns]""<tab>X_train = X_train_c1_a_05[[ 'p', 'r', 'i', 'n', 't', 'Shift', '(' ]]"	データフレームX_train_c1_a_05に列'p', 'r', 'i', 'n', 't', 'Shift', '('が見つからない<tab>列名あるいはデータフレーム名を確認して直す
TypeError: float expected at most 1 arguments, got 2<tab>x=float(int,input().split())	1つの変数に対してsplit()は不要<tab>変数の個数に合わせて、split()の有無を判断
TypeError: Neither the `x` nor `y` variable appears to be numeric.<tab>sns.boxplot(x=df['父職業'],y=['G3'],order=order_by)	y の書き方が違う<tab>y=df['G3'] に直す
"KeyError: ""['weather_num'] not in index""<tab>df[['week','weather_num','temperature']]"	データフレームdfに列'weather_num'が見つからない<tab>列名あるいはデータフレーム名を確認して直す
NameError: name 'colums3' is not defined<tab>X = df[[column, column2,colums3]] #1つ選ぶ	変数colums3が見つからない<tab>colums3=...のように定義する
KeyError: 'weather_num'<tab>df['weather_num']	データフレームdfに列'weather_num'が見つからない<tab>列名あるいはデータフレーム名を確認して直す
TypeError: replace() argument 1 must be str, not int<tab>print(s.replace(1, 9).replace(9, 1))	replaceは文字列を置換するときしか使えない<tab>引数を数値から文字列型に変換する
ValueError: invalid literal for int() with base 10: '3.456'<tab>X=int(input())	'3.456'はint型に変換できない<tab>int(input())をfloat(input())に直す
TypeError: unsupported operand type(s) for -: 'int' and 'list'<tab>ans +=j *a[j]-sum_a	int型とlist型の加算はできない<tab>import numpy as npをし、sum_aをnp.array(sum_a)に変換する
NameError: name 'datetime' is not defined<tab>type(datetime)	変数datetimeが見つからない<tab>datetime=...のように定義する
ValueError: Expected 2D array, got 1D array instead:<nl>array=[396.         404.40963855 435.         408.         426.<nl> 370.         387.         404.40963855 418.         430.<nl> 432.         400.         423.         405.         398.<nl> 415.         426.         400.         415.         333.<nl> 412.         404.40963855 404.40963855 428.         380.<nl> 404.40963855 445.         421.         408.         420.<nl> 384.         404.40963855 410.         430.         394.<nl> 450.         404.40963855 404.40963855 372.         430.<nl> 400.         410.         398.         325.         404.40963855<nl> 404.40963855 414.         409.         438.         425.<nl> 430.         404.40963855 340.         440.         370.<nl> 428.         404.40963855 415.         396.         435.<nl> 420.         377.         404.40963855 404.40963855 386.<nl> 404.40963855 372.         382.         386.         404.<nl> 404.40963855 409.         349.         430.         434.<nl> 400.         418.         376.         396.         404.40963855<nl> 428.         360.         430.         405.         407.<nl> 404.40963855 400.         449.         445.         368.<nl> 426.         423.         404.40963855 426.         413.<nl> 438.         401.         424.         415.         404.<nl> 403.         410.         354.         440.         410.<nl> 418.         412.         376.         441.         430.<nl> 408.         362.         462.         375.         315.<nl> 411.         350.         404.40963855 363.         395.<nl> 370.         392.         404.40963855 432.         392.<nl> 450.         404.40963855 404.40963855 400.         426.<nl> 407.         350.         385.         390.         375.<nl> 404.40963855 404.40963855 404.40963855 385.         393.<nl> 385.         425.         430.         410.        ].<nl>Reshape your data either using array.reshape(-1, 1) if your data has a single feature or array.reshape(1, -1) if it contains a single sample.<tab>model.fit(X_train, y_train)	sklearnのfit()では、DataFrame型やnumpyの行列形式（縦ベクトル）しか使用できない<tab>二重括弧をつけるか、reshape(-1,1)をつける
NameError: name 'a' is not defined<tab>print(a)	変数aが見つからない<tab>a=...のように定義する
NameError: name 'd' is not defined<tab>ykn=(d*1.01)	変数dが見つからない<tab>d=...のように定義する
ValueError: invalid literal for int() with base 10: '3 4 9 0'<tab>k = int(input())	複数の入力データを読み込めない<tab>int(input())をmap(int,input().split())に直す
NameError: name 'char' is not defined<tab>S, T = char(input())	関数charは定義されていない<tab>関数charを定義するまたはchrにする
NameError: name 'er' is not defined<tab>S.rfind(er)	erは文字列ではない<tab>er'と文字列にするか、er=...で定義する
NameError: name 'mode_L' is not defined<tab>y_train_pred= mode_L.predict(X)	mode_Lが見つからない<tab>mode_L=...のように定義する
FileNotFoundError: [Errno 2] No such file or directory: '/root/desktop/OJT/numa-chan/train_Numa_print.csv'<tab>X_train_numa_p = pd.read_csv('~/desktop/OJT/numa-chan/train_Numa_print.csv')	/root/desktop/OJT/numa-chan/train_Numa_print.csvが見つからない<tab>ファイルのダウンロードし、ファイル名やファイルパスを確認をする
AttributeError: 'int' object has no attribute 'info'<tab>df.info()	dfが整数型になっている<tab>pd.DataFrameやpd.read_csvを用いて、データフレーム型にする
NameError: name 'de' is not defined<tab>for column in de.columns[:-1]:	変数deが見つからない<tab>de=...のように定義する
NameError: name 'soeted' is not defined<tab>x = soeted(list)	sortedのスペルが違う<tab>sortedに直す
NameError: name 'df_columns' is not defined<tab>df_columns	データフレームdf_columnsが見つからない<tab>データフレーム名を確認して直すか、新たにデータフレームを作る
"KeyError: ""['precipation'] not found in axis""<tab>df.drop('precipation', axis=1, inplace=True)"	precipationはタイプミス<tab>precipitationに直す
KeyError: '教育内容'<tab>plt.boxplot([df['教育内容'], df['通いやすさ'], df['評判の良さ']])	データフレームdfに列'教育内容'は見つからない<tab>列名あるいはデータフレーム名を確認して直す
"KeyError: ""None of [Index(['通勤時間'], dtype='object')] are in the [columns]""<tab>X = df[['通勤時間']]"	データフレームdfに列'通勤時間'が見つからない<tab>列名あるいはデータフレーム名を確認して直す
ValueError: invalid literal for int() with base 10: '2 3'<tab>N = int(input())	複数の入力が読み込めない<tab>map(int,input().split())を使う
ValueError: Found input variables with inconsistent numbers of samples: [104, 83]<tab>print('R2(テスト):', r2_score(y_test, y_pred))	y_testとy_predのデータの個数が異なる<tab>len(データフレーム名[列名])でそれぞれのデータの個数を確認する
AttributeError: 'NoneType' object has no attribute 'mean'<tab>print(np.array(scores)).mean(())	print文は平均値を求められない<tab>()の数に注意する
NameError: name 'pirnt' is not defined<tab>pirnt(C*a)	printのスペルが違う<tab>printに直す
"ValueError: Length mismatch: Expected axis has 11 elements, new values have 8 elements<tab>df_uid_pr.columns = [""uid"", ""p"", ""r"", ""i"", ""n"", ""t"", ""Shift"", ""(""]"	元のデータフレームは11列だけど与えられた要素は8個しかない<tab>要素を11個にしよう
FileNotFoundError: [Errno 2] No such file or directory: 'my-drive/nuna-chan/train_Numa_print.csv'<tab>X_train_numa_p = pd.read_csv('my-drive/nuna-chan/train_Numa_print.csv')	my-drive/nuna-chan/train_Numa_print.csvが見つからない<tab>ファイルのダウンロードし、ファイル名やファイルパスを確認をする
TypeError: '<=' not supported between instances of 'int' and 'NoneType'<tab>if int(A) <= i <= int(B):	int型とNoneType型で比較演算子は使えない<tab>型を揃えて比較する
TypeError: '<=' not supported between instances of 'str' and 'int'<tab>if X[-3]<=4:	str型とint型で比較演算子は使えない<tab>型を揃えて比較する
NameError: name 'X_train' is not defined<tab>model.fit(X_train,y_train)	変数X_trainが見つからない<tab>X_train=...のように定義する
AttributeError: 'DecisionTreeRegressor' object has no attribute 'feature_impotences_'<tab>model.feature_impotences_	importances_のスペルが違う<tab>impotences_をimportances_に直す
NameError: name 'RANSACRegressorr' is not defined<tab>model = RANSACRegressorr()	RANSACRegressorrはスペルミス<tab>RANSACRegressor()に直す
NameError: name 'X_train_name' is not defined<tab>print('name の訓練データ数：',len(X_train_name))	変数X_train_nameが見つからない<tab>X_train_name=...のように定義する
"ValueError: invalid literal for int() with base 10: '1 3'<tab>l=[int(input()).split("" "") for i in range(x)]"	複数の入力に対してmap関数が不足<tab>map(型,input().split())で複数の入力ができる
NameError: name 'lens' is not defined<tab>if lens(K)>lens(S):	lenのスペルが違う<tab>lenに直す
NameError: name 'df_train_pr_name' is not defined<tab>X_train_pr_name = pd.DataFrame(df_train_pr_name)	データフレームdf_train_pr_nameが見つからない<tab>データフレーム名を確認して直すか、新たにデータフレームを作る
TypeError: str() takes at most 3 arguments (4 given)<tab>S,T,U,V=str(s,t,u,v)	str関数は1つの値にしかできていません<tab>str(1つの値)またstr([複数の値])で文字列に変換する
"KeyError: ""None of [Index(['黒人'], dtype='object')] are in the [columns]""<tab>X = df[['黒人']]"	データフレームdfに列'黒人'が見つからない<tab>列名あるいはデータフレーム名を確認して直す
ImportError: cannot import name 'datetime' from 'sklearn.metrics' (/usr/local/lib/python3.7/dist-packages/sklearn/metrics/__init__.py)<tab>from sklearn.metrics import datetime	datetimeはsklearn.metricsからimportできない<tab>import datetimeでimportする
KeyError: '年齢'<tab>plt.scatter(df['年齢'],df['G3'])	データフレームdfに列'年齢'が見つからない<tab>列名あるいはデータフレーム名を確認して直す
AttributeError: 'int' object has no attribute 'replace'<tab>print(s.replace(1, 9).replace(9, 1))	int型ではreplaceは使えない<tab>print(s.replace('1', '9').replace('9', '1')) に直す
KeyError: '家族「'<tab>df.groupby('家族「')['G3'].describe()	データフレームdfに列'家族「'は見つからない<tab>列名あるいはデータフレーム名を確認して直す
"KeyError: ""['低所得者'] not in index""<tab>X = df[['低所得者','部屋数']]"	データフレームdfに列'低所得者'が見つからない<tab>列名あるいはデータフレーム名を確認して直す
"KeyError: ""['部屋数宇'] not in index""<tab>X = df[['部屋数宇','築年']]"	データフレームdfに列'部屋数宇'が見つからない<tab>列名あるいはデータフレーム名を確認して直す
AttributeError: 'DecisionTreeRegressor' object has no attribute 'future_importances_'<tab>model.future_importances_	feautureのスペルが違う<tab>futureをfeautureに直す
TypeError: int() argument must be a string, a bytes-like object or a number, not 'list'<tab>t=t+int([st[1]])	intの中の書き方が違う<tab>t=t+int(st[1])
NameError: name 'y_predf' is not defined<tab>plt.scatter(y,y_predf, color='red',alpha=0.3)	変数y_predfが見つからない<tab>y_predf=...のように定義する
KeyError: 'ぞの他'<tab>sns.kdeplot(df.groupby('母職業').get_group('ぞの他')['G3'], shade = True, label = 'ぞの他')	データフレームdfに列'ぞの他'は見つからない<tab>列名あるいはデータフレーム名を確認して直す
ValueError: Expected 2D array, got 1D array instead:<nl>array=[0 1 0 1 1 1 0 1 0 0 1 1 1 0 0 1 0 0 0 1 0 0 1 0 1 0 1 0 0 0 1 0 1 0 0 1 1<nl> 1 1 0 1 1 0 1 1 1 1 1 1 1 1 0 0 0 1 1 0 0 1 0 1 0 0 1 0 0 1 1 0 1 0 0 0 1<nl> 1 0 1 1 1 0 0 0 1 0 0 1 0 1 1 0 1 1 0 1 0 0 0 0 1 0 1 0 1 0 0 1 0 0 1 0 1<nl> 0 1 1 1 0 1 0 1 1 0 1 0 1 1 0 0 0 0 1 0 1 0 1 1 0 1 0 1 0 0 0 0 1 0 0 0 0<nl> 1 0 0 1 0 1 0 0 1 0 1 1 1 0 1 1 0 1 0 0 0 0 1 1 1 0 0 0 1 0 1 0 0 1 0 0 0<nl> 0 0 1 1 0 1 0 1 0 0 0 0 0 0 0 0 0 1 0 0 1 0].<nl>Reshape your data either using array.reshape(-1, 1) if your data has a single feature or array.reshape(1, -1) if it contains a single sample.<tab>model.fit(X, y)	sklearnのfit()では、DataFrame型やnumpyの行列形式（縦ベクトル）しか使用できない<tab>二重括弧をつけるか、reshape(-1,1)をつける
"KeyError: ""['wether_num'] not in index""<tab>df[['kcal','wether_num','temperature']]"	データフレームdfに列'wether_num'が見つからない<tab>列名あるいはデータフレーム名を確認して直す
NameError: name 'figuresize' is not defined<tab>plt.figure(figuresize(6,6))	figsizeの使い方が違う<tab>figsize=(値,値)のようにする
NameError: name 'model' is not defined<tab>y_train_pred= model.predict(X)	modelが見つからない<tab>model=...のように定義する
TypeError: '(['week_num'], ['weather_num'], ['temperature'])' is an invalid key<tab>X = df[['week_num'],['weather_num'],['temperature']]	複数列を指定する際の個々の[]は不要<tab>df[[列名1,列名2,...]]にする
TypeError: unsupported operand type(s) for ^: 'int' and 'float'<tab>x=a^2+b^2-2*a*b*e	累乗の演算子が^になっている<tab>^を**に直す
NameError: name 'wakachi' is not defined<tab>words.append(wakachi(name))	関数wakachiが見つからない<tab>関数名を確認して直すか、新たに関数を作る
NameError: name 'X_test_21_p' is not defined<tab>y_test = X_test_21_p['target']	データフレームX_test_21_pが見つからない<tab>データフレーム名を確認して直すか、新たにデータフレームを作る
ValueError: Found input variables with inconsistent numbers of samples: [506, 152]<tab>print('R2', r2_score(y, y_pred))	yとy_predのデータの個数が異なる<tab>len(データフレーム名[列名])でそれぞれのデータの個数を確認する
NameError: name 'intmax' is not defined<tab>print(b[b.index(intmax(c))])	intmax関数は使用できない<tab>int(x)やmax(x)のように使う
TypeError: argument of type 'int' is not iterable<tab>'9' in 99	inの後に数値データを指定している<tab>inのあとは文字列やリスト、dict、タプルなどの繰り返し処理が可能なイテラブルオブジェクトを入れる
ValueError: Expected 2D array, got 1D array instead:<nl>array=[4.].<nl>Reshape your data either using array.reshape(-1, 1) if your data has a single feature or array.reshape(1, -1) if it contains a single sample.<tab>model.predict([(4.00)])	sklearnのfit()では、DataFrame型やnumpyの行列形式（縦ベクトル）しか使用できない<tab>二重括弧をつけるか、reshape(-1,1)をつける
AttributeError: 'float' object has no attribute 'quantize'<tab>y = x.quantize(Decimal('0'), rounding=ROUND_HALF_UP)	xは浮動小数点型のため、quantizeは使用できない<tab>Decimal(str('小数or整数')).quantize(Decimal('桁数'),rounding=引数)に直す
NameError: name 'X' is not defined<tab>plt.plot(X,Y)	変数Xが見つからない<tab>X=...のように定義する
NameError: name 'SD' is not defined<tab>S[0],S[2] = S[2],SD[0]	SDはスペルミス<tab>リスト名を確認し、Sに直す
ValueError: Expected 2D array, got 1D array instead:<nl>array=[ 1  2  2  3  3  3  5  5  5  5  5  5  5  4  4  4  4  4  4  4  4  4  4  4<nl>  4  4  4  4  4  4  4  4  4  4  4  5  5  5  5  3  3  3  3  3  3  3  3  3<nl>  3  3  4  4  4  4  3  5  2  5  8  8  8  8  8  8  3  4  4  4  4  4  4  4<nl>  4  4  5  5  5  5  5  5  4  4  4  4  3  3  3  3  2  2  2  2  4  4  4  2<nl>  2  2  2  2  5  5  5  5  5  5  5  5  5  5  5  6  6  6  6  6  6  6  6  6<nl>  2  2  2  2  2  2  2  4  4  4  4  4  4  4  4  4  4  4  4  4  4  4  5  5<nl>  5  5  5  5  5  5  5  5  5  5  5  5  5  5  5  5  5  5  5  5  5  5  5  5<nl>  5  5  5  5  5  5  5  5  5  5  5  3  3  3  3  3  3  3  3  5  5  5  5  5<nl>  5  1  1  4  2  2  2  3  3  2  2  4  4  4  4  4  4  4  4  4  4  4  4  4<nl>  5  5  5  5  8  8  8  8  8  8  8  8  8  8  8  8  8  8  8  8  8  8  6  6<nl>  6  6  6  6  7  7  7  7  7  7  7  7  7  7  1  1  3  5  5  5  5  5  5  5<nl>  5  5  5  5  5  3  3  3  3  3  4  4  4  4  4  5  5  5  5  1  1  1  1  6<nl>  6  6  4  4  4  4  4  4  4  4  5  5  5  7  7  7  7  7  7  7  4  4  4  4<nl>  4  4  4  4  4  4  4  4  5  5  5  5  5  5  5  5  4  4  4  1  1  5  5  5<nl>  5  5  5  5  5  1  1  5  5  3  3  4  4  1  1  4  4  5  4  4 24 24 24 24<nl> 24 24 24 24 24 24 24 24 24 24 24 24 24 24 24 24 24 24 24 24 24 24 24 24<nl> 24 24 24 24 24 24 24 24 24 24 24 24 24 24 24 24 24 24 24 24 24 24 24 24<nl> 24 24 24 24 24 24 24 24 24 24 24 24 24 24 24 24 24 24 24 24 24 24 24 24<nl> 24 24 24 24 24 24 24 24 24 24 24 24 24 24 24 24 24 24 24 24 24 24 24 24<nl> 24 24 24 24 24 24 24 24 24 24 24 24 24 24 24 24 24 24 24 24 24 24 24 24<nl> 24 24 24 24 24 24 24 24  4  4  4  4  4  6  6  6  6  6  6  6  6  1  1  1<nl>  1  1].<nl>Reshape your data either using array.reshape(-1, 1) if your data has a single feature or array.reshape(1, -1) if it contains a single sample.<tab>model.fit(X,y)	sklearnのfit()では、DataFrame型やnumpyの行列形式（縦ベクトル）しか使用できない<tab>二重括弧をつけるか、reshape(-1,1)をつける
NameError: name 'num' is not defined<tab>Sx,Sy,Gx,Gy=map(int, input().split(),'{:10}'.format(num))	変数numが見つからない<tab>num=...のように定義する
TypeError: '(['犯罪率'], ['犯罪率'])' is an invalid key<tab>X = df[[column1], [column2]]  # 説明変数	複数列を指定する際の個々の[]は不要<tab>df[[列名1,列名2,...]]にする
NameError: name 'df_pr_name' is not defined<tab>X_train_pr_name, X_test_pr_name = train_test_split(df_pr_name,test_size = 0.3)	データフレームdf_pr_nameが見つからない<tab>データフレーム名を確認して直すか、新たにデータフレームを作る
ValueError: Expected 2D array, got 1D array instead:<nl>array=[296 242 242 222 222 222 311 311 311 311 311 311 311 307 307 307 307 307<nl> 307 307 307 307 307 307 307 307 307 307 307 307 307 307 307 307 307 279<nl> 279 279 279 252 252 233 233 233 233 233 233 233 233 233 243 243 243 243<nl> 469 226 313 256 284 284 284 284 284 284 216 337 337 345 345 345 305 305<nl> 305 305 398 398 398 398 398 398 281 281 281 281 247 247 247 247 270 270<nl> 270 270 270 270 270 276 276 276 276 276 384 384 384 384 384 384 384 384<nl> 384 384 384 432 432 432 432 432 432 432 432 432 188 188 188 188 188 188<nl> 188 437 437 437 437 437 437 437 437 437 437 437 437 437 437 437 403 403<nl> 403 403 403 403 403 403 403 403 403 403 403 403 403 403 403 403 403 403<nl> 403 403 403 403 403 403 403 403 403 403 296 296 296 296 296 296 296 193<nl> 193 193 193 193 193 193 193 398 398 398 398 398 398 265 265 255 329 329<nl> 329 402 402 348 348 224 224 277 277 277 277 277 277 277 277 277 277 277<nl> 276 276 276 276 307 307 307 307 307 307 307 307 307 307 307 307 307 307<nl> 307 307 307 307 300 300 300 300 300 300 330 330 330 330 330 330 330 330<nl> 330 330 315 315 244 264 264 264 264 264 264 264 264 264 264 264 264 223<nl> 223 223 223 223 254 254 254 254 254 216 216 216 216 198 285 300 241 293<nl> 293 293 245 245 245 289 289 289 289 289 358 358 358 329 329 329 222 222<nl> 222 222 304 304 304 304 304 304 304 304 304 304 304 304 287 287 287 287<nl> 287 287 287 287 430 430 430 304 304 224 224 224 224 224 224 224 224 284<nl> 422 370 370 352 352 351 280 335 335 411 411 187 334 334 666 666 666 666<nl> 666 666 666 666 666 666 666 666 666 666 666 666 666 666 666 666 666 666<nl> 666 666 666 666 666 666 666 666 666 666 666 666 666 666 666 666 666 666<nl> 666 666 666 666 666 666 666 666 666 666 666 666 666 666 666 666 666 666<nl> 666 666 666 666 666 666 666 666 666 666 666 666 666 666 666 666 666 666<nl> 666 666 666 666 666 666 666 666 666 666 666 666 666 666 666 666 666 666<nl> 666 666 666 666 666 666 666 666 666 666 666 666 666 666 666 666 666 666<nl> 666 666 666 666 666 666 666 666 666 666 666 666 666 666 666 666 666 666<nl> 666 666 711 711 711 711 711 391 391 391 391 391 391 391 391 273 273 273<nl> 273 273].<nl>Reshape your data either using array.reshape(-1, 1) if your data has a single feature or array.reshape(1, -1) if it contains a single sample.<tab>model.fit(X, y)	sklearnのfit()では、DataFrame型やnumpyの行列形式（縦ベクトル）しか使用できない<tab>二重括弧をつけるか、reshape(-1,1)をつける
AttributeError: 'DataFrame' object has no attribute 'dtype'<tab>a.dtype	データフレーム型aにはdtypeを使用できない<tab>aを文字列にする
TypeError: remove() takes exactly one argument (2 given)<tab>r=s.remove(0,2)	remove()の引数は1つしか入れられないが2つ入ってしまっている<tab>1つずつ削除する
"KeyError: ""['datetie'] not found in axis""<tab>df.drop('datetie', axis=1, inplace=True)"	datetieはタイプミス<tab>datetimeに直す
NameError: name 'prunt' is not defined<tab>prunt(1+2)	printのスペルが違う<tab>printに直す
NameError: name 'RandomForestRegressor' is not defined<tab>model=RandomForestRegressor()	RandomForestRegressorが見つからない<tab>from sklearn.ensemble import RandomForestClassifierでimportする
FileNotFoundError: [Errno 2] No such file or directory: 'drive/MyDrive/nuna-chan/train_Numa_print.csv'<tab>X_train_numa_p = pd.read_csv('drive/MyDrive/nuna-chan/train_Numa_print.csv')	drive/MyDrive/nuna-chan/train_Numa_print.csvが見つからない<tab>ファイルのダウンロードし、ファイル名やファイルパスを確認をする
KeyError: 0<tab>keys_list(df_key['keys'][0])	indexが見つからない<tab>範囲を確認し、indexを調節する
TypeError: '<=' not supported between instances of 'int' and 'list'<tab>mi=[x for x in b if a[i]-ab<=b<=a[i]+ab]	int型とlist型で比較演算子は使えない<tab>型を揃えて比較する
ValueError: Expected 2D array, got 1D array instead:<nl>array=[ 4.09    4.9671  4.9671  6.0622  6.0622  6.0622  5.5605  5.9505  6.0821<nl>  6.5921  6.3467  6.2267  5.4509  4.7075  4.4619  4.4986  4.4986  4.2579<nl>  3.7965  3.7965  3.7979  4.0123  3.9769  4.0952  4.3996  4.4546  4.682<nl>  4.4534  4.4547  4.239   4.233   4.175   3.99    3.7872  3.7598  3.3603<nl>  3.3779  3.9342  3.8473  5.4011  5.4011  5.7209  5.7209  5.7209  5.7209<nl>  5.1004  5.1004  5.6894  5.87    6.0877  6.8147  6.8147  6.8147  6.8147<nl>  7.3197  8.6966  9.1876  8.3248  7.8148  6.932   7.2254  6.8185  7.2255<nl>  7.9809  9.2229  6.6115  6.6115  6.498   6.498   6.498   5.2873  5.2873<nl>  5.2873  5.2873  4.2515  4.5026  4.0522  4.0905  5.0141  4.5026  5.4007<nl>  5.4007  5.4007  5.4007  4.7794  4.4377  4.4272  3.7476  3.4217  3.4145<nl>  3.0923  3.0921  3.6659  3.6659  3.615   3.4952  3.4952  3.4952  3.4952<nl>  3.4952  2.7778  2.8561  2.7147  2.7147  2.421   2.1069  2.211   2.1224<nl>  2.4329  2.5451  2.7778  2.6775  2.3534  2.548   2.2565  2.4631  2.7301<nl>  2.7474  2.4775  2.7592  2.2577  2.1974  2.0869  1.9444  2.0063  1.9929<nl>  1.7572  1.7883  1.8125  1.9799  2.1185  2.271   2.3274  2.4699  2.346<nl>  2.1107  1.9669  1.8498  1.6686  1.6687  1.6119  1.4394  1.3216  1.4118<nl>  1.3459  1.4191  1.5166  1.4608  1.5296  1.5257  1.618   1.5916  1.6102<nl>  1.6232  1.7494  1.7455  1.7364  1.8773  1.7573  1.7659  1.7984  1.9709<nl>  2.0407  2.162   2.422   2.2834  2.0459  2.4259  2.1     2.2625  2.4259<nl>  2.3887  2.5961  2.6463  2.7019  3.1323  3.5549  3.3175  2.9153  2.829<nl>  2.741   2.5979  2.7006  2.847   2.9879  3.2797  3.1992  3.7886  4.5667<nl>  4.5667  6.4798  6.4798  6.4798  6.2196  6.2196  5.6484  7.309   7.309<nl>  7.309   7.6534  7.6534  6.27    6.27    5.118   5.118   3.9454  4.3549<nl>  4.3549  4.2392  3.875   3.8771  3.665   3.6526  3.9454  3.5875  3.9454<nl>  3.1121  3.4211  2.8893  3.3633  2.8617  3.048   3.2721  3.2721  2.8944<nl>  2.8944  3.2157  3.2157  3.3751  3.3751  3.6715  3.6715  3.8384  3.6519<nl>  3.6519  3.6519  4.148   4.148   6.1899  6.1899  6.3361  6.3361  7.0355<nl>  7.0355  7.9549  7.9549  8.0555  8.0555  7.8265  7.8265  7.3967  7.3967<nl>  8.9067  8.9067  9.2203  9.2203  6.3361  1.801   1.8946  2.0107  2.1121<nl>  2.1398  2.2885  2.0788  1.9301  1.9865  2.1329  2.4216  2.872   3.9175<nl>  4.429   4.429   3.9175  4.3665  4.0776  4.2673  4.7872  4.8628  4.1403<nl>  4.1007  4.6947  5.2447  5.2119  5.885   7.3073  7.3073  9.0892  7.3172<nl>  7.3172  7.3172  5.1167  5.1167  5.1167  5.5027  5.5027  5.9604  5.9604<nl>  6.32    7.8278  7.8278  7.8278  5.4917  5.4917  5.4917  4.022   3.37<nl>  3.0992  3.1827  3.3175  3.1025  2.5194  2.6403  2.834   3.2628  3.6023<nl>  3.945   3.9986  4.0317  3.5325  4.0019  4.5404  4.5404  4.7211  4.7211<nl>  4.7211  5.4159  5.4159  5.4159  5.2146  5.2146  5.8736  6.6407  6.6407<nl>  6.4584  6.4584  5.9853  5.2311  5.615   4.8122  4.8122  4.8122  7.0379<nl>  6.2669  5.7321  6.4654  8.0136  8.0136  8.5353  8.344   8.7921  8.7921<nl> 10.7103 10.7103 12.1265 10.5857 10.5857  2.1222  2.5052  2.7227  2.5091<nl>  2.5182  2.2955  2.1036  1.9047  1.9047  1.6132  1.7523  1.5106  1.3325<nl>  1.3567  1.2024  1.1691  1.1296  1.1742  1.137   1.3163  1.3449  1.358<nl>  1.3861  1.3861  1.4165  1.5192  1.5804  1.5331  1.4395  1.4261  1.4672<nl>  1.5184  1.5895  1.7281  1.9265  2.1678  1.77    1.7912  1.7821  1.7257<nl>  1.6768  1.6334  1.4896  1.5004  1.5888  1.5741  1.639   1.7028  1.6074<nl>  1.4254  1.1781  1.2852  1.4547  1.4655  1.413   1.5275  1.5539  1.5894<nl>  1.6582  1.8347  1.8195  1.6475  1.8026  1.794   1.8589  1.8746  1.9512<nl>  2.0218  2.0635  1.9096  1.9976  1.8629  1.9356  1.9682  2.0527  2.0882<nl>  2.2004  2.3158  2.2222  2.1247  2.0026  1.9142  1.8206  1.8172  1.8662<nl>  2.0651  2.0048  1.9784  1.8956  1.9879  2.072   2.198   2.2616  2.185<nl>  2.3236  2.3552  2.3682  2.4527  2.4961  2.4358  2.5806  2.7792  2.7831<nl>  2.7175  2.5975  2.5671  2.7344  2.8016  2.9634  3.0665  2.8715  2.5403<nl>  2.9084  2.8237  3.0334  3.0993  2.8965  2.5329  2.4298  2.206   2.3053<nl>  2.1007  2.1705  1.9512  3.4242  3.3317  3.4106  4.0983  3.724   3.9917<nl>  3.5459  3.1523  1.8209  1.7554  1.8226  1.8681  2.1099  2.3817  2.3817<nl>  2.7986  2.7986  2.8927  2.4091  2.3999  2.4982  2.4786  2.2875  2.1675<nl>  2.3889  2.505 ].<nl>Reshape your data either using array.reshape(-1, 1) if your data has a single feature or array.reshape(1, -1) if it contains a single sample.<tab>model.fit(X, y)	"sklearnのfit()では、DataFrame型やnumpyの行列形式（縦ベクトル）しか使用できない
<tab>二重括弧をつけるか、reshape(-1,1)をつける"
ValueError: not enough values to unpack (expected 4, got 2)<tab>a,b,c,d=map(int,input().split())	入力した値を入れる変数は4個あるけど、、実際には2個しか入力されていない<tab>入力を4個に増やすか、変数を2個に減らそう
NameError: name 'PLSRegression' is not defined<tab>model = PLSRegression(max_depth=4)	PLSRegressionがimportしていない<tab>from sklearn.cross_decomposition import PLSRegressionでimportする
NameError: name 'sample_list' is not defined<tab>mean_lists = [mean_list(S[k]) for k in range(len(sample_list))]	sample_listが見つからない<tab>sample_listを定義する
ValueError: invalid literal for int() with base 10: 'dIfFiCuLt'<tab>X = int(input())	文字列'dIfFiCuLt'はint型に変換できない<tab>int(input())をinput()に直す
KeyError: ('部屋数', '低所得')<tab>X = df['部屋数','低所得']	カラム名は1つしか指定できない<tab>2つ以上のカラムを取り出したい時には、二重括弧を使う
AttributeError: 'list' object attribute 'append' is read-only<tab>k.append=S[1]	appendに=は不要<tab>リスト名.append(追加した要素)にする
"FileNotFoundError: [Errno 2] No such file or directory: 'shion:/Desktop/OJT/numa-chan/train_Numa_print.csv'<tab>X_train_numa_p = pd.read_csv(""shion:/Desktop/OJT/numa-chan/train_Numa_print.csv"")"	shion:/Desktop/OJT/numa-chan/train_Numa_print.csvが見つからない<tab>ファイルのダウンロードし、ファイル名やファイルパスを確認をする
NameError: name 'str_list' is not defined<tab>print(str_list)	変数str_listが見つからない<tab>str_list=...のように定義する
NameError: name 'mean_lists' is not defined<tab>mean_list_all.append(mean_lists)	mean_listsが見つからない<tab>mean_lists=...のように定義する
AttributeError: 'DecisionTreeRegressor' object has no attribute 'feature_importances'<tab>plt.barh(X_train.columns[::-1], model.feature_importances[::-1])	DecisionTreeRegressorにfeature_importancesはない<tab>RandomForestClassifierとRandomForestRegressorにfeature_importancesを使用できる
TypeError: '(['犯罪率'], '低所得率')' is an invalid key<tab>X = df[[column],'低所得率']  # ひとつ選ぶ	複数列を指定する際の個々の[]は不要<tab>df[[列名1,列名2,...]]にする
ValueError: could not convert string to float: '42.5-00'<tab>X=float(input())	このデータはそのまま処理できない<tab>文字列を数値に変えるデータ前処理を行う
ImportError: cannot import name 'MLPRegressor' from 'sklearn.ensemble' (/usr/local/lib/python3.7/dist-packages/sklearn/ensemble/__init__.py)<tab>from sklearn.ensemble import MLPRegressor	import元が異なる<tab>from sklearn.neural_network import MLPRegressorでimportする
NameError: name 'No' is not defined<tab>print(No)	変数ansgdが見つからない<tab>ansgd=...のように定義する
AttributeError: 'list' object has no attribute 'replace'<tab>print(n.replace('1', 'X').replace('9', '1').replace('X', '9'))	リストXは置き変えられない<tab>Xをまだ使ってない文字に変える
NameError: name 'ans' is not defined<tab>(ans) == b	変数ansが見つからない<tab>ans=...のように定義する
AttributeError: module 'matplotlib.pyplot' has no attribute 'scater'<tab>plt.scater(df['部屋数'],df['住宅価格'], alpha=0.3)	<tab>
AttributeError: 'NoneType' object has no attribute 'replace'<tab>l=print(str(m.replace('1','9')))	一度に使用できません<tab>printとstr変換を変える
"NameError: name 'num1' is not defined<tab>round(""n"" ,num1)"	変数num1が見つからない<tab>num1=...のように定義する
TypeError: not all arguments converted during string formatting<tab>if N%10==2 and N%10==4 and N%10==5 and N%10==7 and N%10==9:	Nが文字列になっている<tab>N=int(N) のようにNを数値型に変換する
AttributeError: 'str' object has no attribute 'append'<tab>ss.append(chr(a))	ssは文字列のためappendできない<tab>ssをリスト型にするまたは、ss+追加したい文字列にする
NameError: name 'column' is not defined<tab>column	変数columnが見つからない<tab>column=...のように定義する
ValueError: Found input variables with inconsistent numbers of samples: [354, 152]<tab>print('R2(テスト):', r2_score(y_train, y_pred))	y_trainとy_predのデータの個数が異なる<tab>len(データフレーム名[列名])でそれぞれのデータの個数を確認する
ValueError: Found input variables with inconsistent numbers of samples: [2, 506]<tab>model.fit(X, y)	Xとyのデータの個数が異なる<tab>len(データフレーム名[列名])でそれぞれのデータの個数を確認する
ValueError: invalid literal for int() with base 10: '1t'<tab>A,B=map(int,input().split())	入力にint型ではなく、文字列が含まれている<tab>入力データ見直す
ValueError: invalid literal for int() with base 10: '123,456'<tab>A,B=map(int,input().split())	区切り文字の設定が','になっていない<tab>map(int,input().split())をmap(int,input().split(','))に直す
"KeyError: ""[''] not in index""<tab>X = df[['低所得率','','交通']]  # ひとつ選ぶ"	指定した列''が見つからない<tab>列名'に直す
NameError: name 'describe' is not defined<tab>describe(X_train_pr_name)	データフレームを忘れている<tab>データフレーム名.describe()にする
TypeError: unsupported operand type(s) for -: 'str' and 'int'<tab>df.columns -1	str型とint型の減算はできない<tab>df.columnの型を見直し数値型にする
AttributeError: type object 'str' has no attribute 'startsWith'<tab>if str.startsWith('er'):	str.startswithのスペルが違う<tab>str.startswithに直す
ValueError: num must be 1 <= num <= 16, not 17<tab>plt.subplot(4,4,i+1)	subplotで17は存在しない<tab>1から16になるようにする
TypeError: '>=' not supported between instances of 'str' and 'int'<tab>if X >=100:	str型とint型で比較演算子は使えない<tab>型を揃えて比較する
"KeyError: ""['precipiation_num'] not in index""<tab>X = df[['weather_num','precipiation_num']]"	データフレームdfに列'precipiation_num'が見つからない<tab>列名あるいはデータフレーム名を確認して直す
ModuleNotFoundError: No module named 'slearn'<tab>from slearn.metrics import r2_score	slearnという名前のモジュールが見つからない<tab>モジュールの名前を確認する、もしくはモジュールをimportする
AttributeError: 'int' object has no attribute 'head'<tab>df.head()	dfが整数型になっている<tab>pd.DataFrameやpd.read_csvを用いて、データフレーム型にする
ValueError: could not convert string to float: '厚切りイカフライ'<tab>model.fit(X, y)	文字列を数値に変えないと処理できない<tab>文字列を数値に変えるデータ前処理を行う
"ValueError: Found input variables with inconsistent numbers of samples: [152, 506]<tab>print(""MSE: "", mean_squared_error(y_test, y_pred))"	y_testとy_predのデータの個数が異なる<tab>len(データフレーム名[列名])でそれぞれのデータの個数を確認する
AttributeError: 'PathCollection' object has no property 'alph'<tab>plt.scatter(df['部屋数'], df['住宅価格'],alph=0.5)	alphaのスペルが違う<tab>alphをalphaに直す
TypeError: '<' not supported between instances of 'str' and 'int'<tab>if N<10:	str型とint型で比較演算子は使えない<tab>型を揃えて比較する
TypeError: can't multiply sequence by non-int of type 'str'<tab>print(int(A * B))	str型変数は掛け算できない<tab>変数A,Bどちらも数値型にする
AttributeError: 'builtin_function_or_method' object has no attribute 'r2_score'<tab>r2 = max.r2_score(y, y_pred)	必要ないmaxが付いている<tab>max.r2_score(y,y_pred)をr2_score(y,y_pred)に直す
TypeError: 'float' object is not subscriptable<tab>if str(X[-3])<=4:	float型に添字は使えない<tab>それぞれの型を見直す
NameError: name 'c' is not defined<tab>a=ord(c)+N	変数cが見つからない<tab>c=...のように定義する
TypeError: list indices must be integers or slices, not str<tab>X = df[['week_num'],['weather_num'],['temperature']['kcal']]	列名を複数指定する書き方が違う<tab>X = df[['week_num','weather_num','temperature','kcal']] に直す
TypeError: '(['緑地'], ['緑地'])' is an invalid key<tab>X = df[[column],[column]]	複数列を指定する際の個々の[]は不要<tab>df[[列名1,列名2,...]]にする
ValueError: invalid literal for int() with base 10: '99.500'<tab>print(int(X)+1)	'99.500’はint型に変換できない<tab>int(X)をfloat(X)に直す
KeyError: 'precipitaion'<tab>df['precipitaion'].value_counts()	データフレームdfに列'precipitaion'が見つからない<tab>列名あるいはデータフレーム名を確認して直す
TypeError: 'str' object is not callable<tab>if S(2)==S(3) or S(4)==S(5):	文字列のindexは()で指定できない<tab>文字列[指定したindex]にする
TypeError: __init__() got an unexpected keyword argument 'random_dtate'<tab>model = GradientBoostingRegressor(random_dtate=0)	random_dtateはスペルミス<tab>random_state=...に直す
NameError: name 'srt' is not defined<tab>s,t=map(srt,input().split())	strのスペルが違う<tab>strのように直す
TypeError: unsupported operand type(s) for -: 'int' and 'str'<tab>r=str(0*(4-N))	int型とstr型の減算はできない<tab>Nの型を数値型にする
NameError: name 's' is not defined<tab>s_zero = s.zfill(4)	変数sが見つからない<tab>s=...のように定義する
KeyError: ('通勤', '教員')<tab>X = df['通勤', '教員']  # 説明変数	カラム名は1つしか指定できない<tab>2つ以上のカラムを取り出したい時には、二重括弧を使う
TypeError: '<' not supported between instances of 'list' and 'int'<tab>while ma<w:	list型とint型で比較演算子は使えない<tab>型を揃えて比較する
NameError: name 'make_mean_list1' is not defined<tab>mean_list_all = make_mean_list1(sample_list, df_keys['keys'])	make_mean_list1が見つからない<tab>make_mean_list1のスペルの確認やmake_mean_list1=...で定義する
KeyError: 'Column not found: y'<tab>df.groupby('天気')['y'].median()	データフレームdfに列'y'が見つからない<tab>列名あるいはデータフレーム名を確認して直す
NameError: name 'B' is not defined<tab>B=str(B)	変数Bが見つからない<tab>B=...のように定義する
KeyError: 'df_week'<tab>df['week'] = df['df_week']	データフレームdfに列'df_week'が見つからない<tab>列名あるいはデータフレーム名を確認して直す
"ValueError: Length mismatch: Expected axis has 8 elements, new values have 11 elements<tab>df_uid_pr.columns = [""uid"", 'a', 'b', 'c', 'd', 'e', 'f', 'g','h','i','j']"	元のデータフレームは8列だけど与えられた要素は11個ある<tab>要素を11個にしよう
"KeyError: ""None of [Index(['川辺'], dtype='object')] are in the [columns]""<tab>X = df[['川辺']] #一つ選ぶ"	データフレームdfに列'川辺'が見つからない<tab>列名あるいはデータフレーム名を確認して直す
"KeyError: ""None of [Index(['犯罪'], dtype='object')] are in the [columns]""<tab>X = df[['犯罪']]  # ひとつ選ぶ"	データフレームdfに列'犯罪'が見つからない<tab>列名あるいはデータフレーム名を確認して直す
"FileNotFoundError: [Errno 2] No such file or directory: '/Users/shion/Desktop/OJT/numa-chan/train_Numa_print.csv'<tab>X_train_numa_p = pd.read_csv(""/Users/shion/Desktop/OJT/numa-chan/train_Numa_print.csv"")"	/Users/shion/Desktop/OJT/numa-chan/train_Numa_print.csvが見つからない<tab>ファイルのダウンロードし、ファイル名やファイルパスを確認をする
NameError: name 'ss' is not defined<tab>ss.append(chr(a))	リスト型の変数ssが見つからない<tab>ss=...のように定義する
"AttributeError: 'Series' object has no attribute 'strftime'<tab>df_2[""datetime""].strftime('%Y%m%d')"	Seriesではstrftimeは使えない<tab>形を見直す
TypeError: __init__() got an unexpected keyword argument 'figureSize'<tab>plt.figure(figureSize=(6,6))	figureSizeではグラフのサイズを指定できない<tab>plt.figure(figsize=...)に直す
TypeError: '<=' not supported between instances of 'int' and 'str'<tab>if 0<=N<10:	int型とstr型で比較演算子は使えない<tab>型を揃えて比較する
TypeError: drop() got multiple values for argument 'axis'<tab>df.drop('datetime','week', axis=1, inplace=True)	<tab>df.drop(['datetime','week'], axis=1, inplace=True) に直す
NameError: name 'coloumn' is not defined<tab>X = df[[coloumn]]  # 説明変数	変数coloumnが見つからない<tab>coloumnを定義するまたはcolumnに直す
NameError: name 'prrint' is not defined<tab>prrint(X.shape)	printのスペルが違う<tab>printに直す
ValueError: invalid literal for int() with base 10: '80,94'<tab>X,Y=map(int,input().split())	区切り文字の設定が','になっていない<tab>map(int,input().split())をmap(int,input().split(',')に直す
NameError: name 'df_train_pr_any' is not defined<tab>X_train_pr_any = pd.DataFrame(df_train_pr_any)	データフレームdf_train_pr_anyが見つからない<tab>データフレーム名を確認して直すか、新たにデータフレームを作る
"KeyError: ""['通年'] not in index""<tab>X=df[['低所得率','通年']]"	データフレームdfに列'通年'が見つからない<tab>列名あるいはデータフレーム名を確認して直す
"KeyError: ""['教員費'] not in index""<tab>X = df[['通勤','教員費']]  # ひとつ選ぶ"	データフレームdfに列'教員費'が見つからない<tab>列名あるいはデータフレーム名を確認して直す
NameError: name 'y' is not defined<tab>r2 = r2_score(y, y_pred)	変数yが見つからない<tab>y=...のように定義する
KeyError: ('犯罪率', '低所得率')<tab>X = df[column,'低所得率']  # ひとつ選ぶ	カラム名は1つしか指定できない<tab>2つ以上のカラムを取り出したい時には、二重括弧を使う
TypeError: '(['week'], ['weatherr'], ['kcal'])' is an invalid key<tab>X = df[['week'],['weatherr'],['kcal']]	複数列を指定する際の個々の[]は不要<tab>df[[列名1,列名2,...]]にする
ValueError: Expected 2D array, got 1D array instead:<nl>array=[19.8 17.  15.5 15.2 16.1 14.6 17.9 14.7 17.7 12.1 13.8 13.9 13.5 13.8<nl> 14.9  9.1  7.1 11.  12.3 13.9 11.3 10.8  7.8  6.8  8.4 11.5  8.   7.3<nl>  7.3  9.8 10.9  5.1  5.8  2.9  7.   7.8  6.5 10.4  7.4  8.5 10.1  5.1<nl> 12.6 10.3 15.3 14.1 15.9  3.8  3.   4.2  5.5  7.8  6.3  6.4  1.2 11.6<nl>  6.8  7.3  5.4  8.5  6.6 10.5 11.5  8.5 17.7  7.8  8.3  6.1  6.7  7.<nl>  7.6  8.7 14.8 15.2 11.5 14.  18.9 12.6  7.5 17.4 18.9 18.7 12.4 18.5<nl> 17.5 16.1 18.2 14.3 17.8 13.8 20.1 19.  21.3 16.5 16.4 19.7 21.5 20.1<nl> 11.4 16.4 18.8 19.4 19.9 20.8 22.7 17.5 24.  23.3 18.9 21.  23.4 22.7<nl> 18.6 26.  19.3 23.8 22.8 23.9 17.4 19.  19.8 23.9 23.7 25.7 26.  26.9<nl> 30.6 27.  27.5 21.5 19.9 25.  25.5 22.3 21.3 29.5 28.1 27.6 21.9 27.5<nl> 26.5 26.9 23.7 25.2 25.2 25.4 25.5 28.3 28.8 27.  22.1 24.  29.7 24.6<nl> 28.8 33.9 30.9 30.3 30.9 30.1 25.6 30.2 32.  32.5 33.6 28.9 30.4 30.6<nl> 32.5 32.7 32.7 34.3 34.6 32.1 31.1 32.4 29.4 32.2 33.3 33.3 33.  33.1<nl> 26.  26.2 21.  21.6 25.1 23.4 29.1 26.7 26.5 30.2 23.1 26.8 25.  21.9<nl> 27.3 28.8 25.  24.1 23.6 25.2 24.8 25.4 27.1 26.6 28.1].<nl>Reshape your data either using array.reshape(-1, 1) if your data has a single feature or array.reshape(1, -1) if it contains a single sample.<tab>d	sklearnのfit()では、DataFrame型やnumpyの行列形式（縦ベクトル）しか使用できない<tab>二重括弧をつけるか、reshape(-1,1)をつける
"KeyError: ""['precipitstion_num'] not in index""<tab>X = df[['temperature','soldout','precipitstion_num']]"	データフレームdfに列'precipitstion_num'が見つからない<tab>列名あるいはデータフレーム名を確認して直す
"KeyError: ""['h_l'] not in index""<tab>X = df_train[['year', 'month', 'day', 'week', 'soldout', 'kcal', 'event', 'payday', 'weather','h_l']]"	データフレームdf_trainに列'h_l'が見つからない<tab>列名あるいはデータフレーム名を確認して直す
AttributeError: 'Series' object has no attribute 'info'<tab>df['precipitation'].info()	info() は列ではなくデータフレームに対して使う<tab>df.info() に直す
ValueError: Expected 2D array, got 1D array instead:<nl>array=[ 4.98  9.14  4.03  2.94  5.33  5.21 12.43 19.15 29.93 17.1  20.45 13.27<nl> 15.71  8.26 10.26  8.47  6.58 14.67 11.69 11.28 21.02 13.83 18.72 19.88<nl> 16.3  16.51 14.81 17.28 12.8  11.98 22.6  13.04 27.71 18.35 20.34  9.68<nl> 11.41  8.77 10.13  4.32  1.98  4.84  5.81  7.44  9.55 10.21 14.15 18.8<nl> 30.81 16.2  13.45  9.43  5.28  8.43 14.8   4.81  5.77  3.95  6.86  9.22<nl> 13.15 14.44  6.73  9.5   8.05  4.67 10.24  8.1  13.09  8.79  6.72  9.88<nl>  5.52  7.54  6.78  8.94 11.97 10.27 12.34  9.1   5.29  7.22  6.72  7.51<nl>  9.62  6.53 12.86  8.44  5.5   5.7   8.81  8.2   8.16  6.21 10.59  6.65<nl> 11.34  4.21  3.57  6.19  9.42  7.67 10.63 13.44 12.33 16.47 18.66 14.09<nl> 12.27 15.55 13.   10.16 16.21 17.09 10.45 15.76 12.04 10.3  15.37 13.61<nl> 14.37 14.27 17.93 25.41 17.58 14.81 27.26 17.19 15.39 18.34 12.6  12.26<nl> 11.12 15.03 17.31 16.96 16.9  14.59 21.32 18.46 24.16 34.41 26.82 26.42<nl> 29.29 27.8  16.65 29.53 28.32 21.45 14.1  13.28 12.12 15.79 15.12 15.02<nl> 16.14  4.59  6.43  7.39  5.5   1.73  1.92  3.32 11.64  9.81  3.7  12.14<nl> 11.1  11.32 14.43 12.03 14.69  9.04  9.64  5.33 10.11  6.29  6.92  5.04<nl>  7.56  9.45  4.82  5.68 13.98 13.15  4.45  6.68  4.56  5.39  5.1   4.69<nl>  2.87  5.03  4.38  2.97  4.08  8.61  6.62  4.56  4.45  7.43  3.11  3.81<nl>  2.88 10.87 10.97 18.06 14.66 23.09 17.27 23.98 16.03  9.38 29.55  9.47<nl> 13.51  9.69 17.92 10.5   9.71 21.46  9.93  7.6   4.14  4.63  3.13  6.36<nl>  3.92  3.76 11.65  5.25  2.47  3.95  8.05 10.88  9.54  4.73  6.36  7.37<nl> 11.38 12.4  11.22  5.19 12.5  18.46  9.16 10.15  9.52  6.56  5.9   3.59<nl>  3.53  3.54  6.57  9.25  3.11  5.12  7.79  6.9   9.59  7.26  5.91 11.25<nl>  8.1  10.45 14.79  7.44  3.16 13.65 13.    6.59  7.73  6.58  3.53  2.98<nl>  6.05  4.16  7.19  4.85  3.76  4.59  3.01  3.16  7.85  8.23 12.93  7.14<nl>  7.6   9.51  3.33  3.56  4.7   8.58 10.4   6.27  7.39 15.84  4.97  4.74<nl>  6.07  9.5   8.67  4.86  6.93  8.93  6.47  7.53  4.54  9.97 12.64  5.98<nl> 11.72  7.9   9.28 11.5  18.33 15.94 10.36 12.73  7.2   6.87  7.7  11.74<nl>  6.12  5.08  6.15 12.79  9.97  7.34  9.09 12.43  7.83  5.68  6.75  8.01<nl>  9.8  10.56  8.51  9.74  9.29  5.49  8.65  7.18  4.61 10.53 12.67  6.36<nl>  5.99  5.89  5.98  5.49  7.79  4.5   8.05  5.57 17.6  13.27 11.48 12.67<nl>  7.79 14.19 10.19 14.64  5.29  7.12 14.   13.33  3.26  3.73  2.96  9.53<nl>  8.88 34.77 37.97 13.44 23.24 21.24 23.69 21.78 17.21 21.08 23.6  24.56<nl> 30.63 30.81 28.28 31.99 30.62 20.85 17.11 18.76 25.68 15.17 16.35 17.12<nl> 19.37 19.92 30.59 29.97 26.77 20.32 20.31 19.77 27.38 22.98 23.34 12.13<nl> 26.4  19.78 10.11 21.22 34.37 20.08 36.98 29.05 25.79 26.64 20.62 22.74<nl> 15.02 15.7  14.1  23.29 17.16 24.39 15.69 14.52 21.52 24.08 17.64 19.69<nl> 12.03 16.22 15.17 23.27 18.05 26.45 34.02 22.88 22.11 19.52 16.59 18.85<nl> 23.79 23.98 17.79 16.44 18.13 19.31 17.44 17.73 17.27 16.74 18.71 18.13<nl> 19.01 16.94 16.23 14.7  16.42 14.65 13.99 10.29 13.22 14.13 17.15 21.32<nl> 18.13 14.76 16.29 12.87 14.36 11.66 18.14 24.1  18.68 24.91 18.03 13.11<nl> 10.74  7.74  7.01 10.42 13.34 10.58 14.98 11.45 18.06 23.97 29.68 18.07<nl> 13.35 12.01 13.59 17.6  21.14 14.1  12.92 15.1  14.33  9.67  9.08  5.64<nl>  6.48  7.88].<nl>Reshape your data either using array.reshape(-1, 1) if your data has a single feature or array.reshape(1, -1) if it contains a single sample.<tab>model.fit(X, y)	sklearnのfit()では、DataFrame型やnumpyの行列形式（縦ベクトル）しか使用できない<tab>二重括弧をつけるか、reshape(-1,1)をつける
NameError: name 'N' is not defined<tab>print(N)	変数Nが見つからない<tab>N=...のように定義する
NameError: name 'X_test' is not defined<tab>print('正解率(test)', model.score(X_test, y_test_c1_p))	変数X_testが見つからない<tab>X_test=...のように定義する
NameError: name 'ceil' is not defined<tab>X=ceil(N/2)	mathモジュールを使っていない<tab>import mathして、math.ceil()と書く
ImportError: cannot import name 'GaussianProcessRegressor' from 'sklearn.ensemble' (/usr/local/lib/python3.7/dist-packages/sklearn/ensemble/__init__.py)<tab>from sklearn.ensemble import GaussianProcessRegressor	import元が異なる<tab>from sklearn.gaussian_process import GaussianProcessRegressorでimportする
TypeError: unsupported operand type(s) for +=: 'function' and 'int'<tab>sum += n	sumは関数である<tab>変数名を変更する
KeyError: '曜日（月～金'<tab>df['曜日（月～金'].map({	データフレームdfに列'曜日（月～金'が見つからない<tab>列名あるいはデータフレーム名を確認して直す
ValueError: Number of labels=152 does not match number of samples=354<tab>model.fit(X_train, y_train)	X_trainとy_trainのデータの個数が異なる<tab>X_trainとy_trainの個数を揃える
ValueError: invalid literal for int() with base 10: 'CSS'<tab>s,t =map(int,input().split())	文字列'CSS'はint型に変換できない<tab>map(int,input().split())をmap(input().split())に直す
ValueError: Length mismatch: Expected axis has 201 elements, new values have 41 elements<tab>df_uid_all.columns = column_list	元のデータフレームは201列だけど与えられた要素は41個しかない<tab>要素を201個にしよう
TypeError: dropna() got an unexpected keyword argument 'asix'<tab>df_uid_all = df_uid_all.dropna(asix=1)	axisのスペルが違う<tab>asixをaxisに直す
TypeError: 'int' object is not callable<tab>a,b,h,m=map(int(),input().split())	intの後ろは()がある<tab>map(int,input().split())にする
ImportError: cannot import name 'RandomForestRegressor' from 'sklearn.tree' (/usr/local/lib/python3.7/dist-packages/sklearn/tree/__init__.py)<tab>from sklearn.tree import RandomForestRegressor	import元が異なる<tab>from sklearn.tree import RandomForestRegressorでimportする
"FileNotFoundError: [Errno 2] No such file or directory: 'Users:/shion/Desktop/OJT/numa-chan/train_Numa_print.csv'<tab>X_train_numa_p = pd.read_csv(""Users:/shion/Desktop/OJT/numa-chan/train_Numa_print.csv"")"	Users:/shion/Desktop/OJT/numa-chan/train_Numa_print.csv'が見つからない<tab>ファイルのダウンロードし、ファイル名やファイルパスを確認をする
UsageError: Cell magic `%%atcder` not found.<tab>get_ipython().run_cell_magic('atcder', 'https://atcoder.jp/contests/abc111/tasks/abc111_a', 'n = int(input())\nprint(1110 - n)')	%%atcoderのスペルが違う<tab>%%atcderを%%atcoderに直す
NameError: name 'no' is not defined<tab>print(no.array(scores).mean())	noのスペルミス<tab>npに直す
KeyError: '販売数'<tab>y = df['販売数']	データフレームdfに列'販売数'が見つからない<tab>列名あるいはデータフレーム名を確認して直す
TypeError: '(['築年'], ['通勤'])' is an invalid key<tab>X = df[['築年'],['通勤']]	複数列を指定する際の個々の[]は不要<tab>df[[列名1,列名2,...]]にする
NameError: name 'replace' is not defined<tab>print(replace((S[0],S[-1])(S[1],S[0])))	"replaceのコードが違う<tab>S.replace(""A"",""a"").replace(""B"",""b"")で置換する"
AttributeError: module 'matplotlib.pyplot' has no attribute 'fighre'<tab>plt.fighre(figsize=(6,6))	plt.figureのスペルが違う<tab>plt.figureに直す
TypeError: unsupported operand type(s) for +: 'int' and 'list'<tab>print(0+[n])	intとlistの加算はできない<tab>import numpy as npをし、[p]をnp.array(p)に変換する
ValueError: invalid literal for int() with base 10: '-13 3'<tab>A,B = int(input())	'-13 3'はint型に変換できない<tab>int(input())をmap(int,input().split())に直す
NameError: name 'X_c1_any_p' is not defined<tab>X_train_c1_any_p, X_test_c1_any_p= train_test_split(X_c1_any_p, test_size=0.3, random_state=0)	変数X_c1_any_pが見つからない<tab>X_c1_any_p=...のように定義する
NameError: name 'math' is not defined<tab>math.floor	mathモジュールをimportしていない<tab>import mathする
TypeError: '>' not supported between instances of 'str' and 'int'<tab>if N > 4:	str型とint型で比較演算子は使えない<tab>型を揃えて比較する
AttributeError: 'LinearRegression' object has no attribute 'tree_'<tab>plot_tree(model, feature_names=X.columns, filled=True)	LinearRegressionにplot_treeを使用できない<tab>modelを見直す
ValueError: could not convert string to float: '4 3'<tab>x=float(input())	このデータはそのまま処理できない<tab>文字列を数値に変えるデータ前処理を行う
AttributeError: 'PathCollection' object has no property 'alpa'<tab>plt.scatter(df['部屋数'], df['住宅価格'],alpa=0.5)	alphaのスペルが違う<tab>alpaをalphaに直す
TypeError: 'type' object is not iterable<tab>for S in range:	range関数の範囲が指定されていない<tab>range(繰り返したい数 - 1)のようにする
NameError: name 'コギーマジで嫌い' is not defined<tab>コギーマジで嫌い	日本語文を入力した<tab>日本語文を入力しない
NameError: name 'pd' is not defined<tab>df = pd.read_csv('boston.csv')	pandasをpdとしてimportしていない<tab>import pandas as pd する
ValueError: invalid literal for int() with base 10: '.'<tab>Y=int(X[X.find('')+1])	.'はint型に変換できない<tab>int関数の引数を見直す
AttributeError: 'str' object has no attribute 'r2'<tab>print(f'{column} 決定係数(R2):'.r2)	r2の前に.がある<tab>.r2をr2に直す
ValueError: invalid literal for int() with base 10: 'fg'<tab>z=int(input())	文字列'fg'はint型に変換できない<tab>int(input())をinput()に直す
"KeyError: ""['kacl'] not in index""<tab>X = df[['week','kacl']]"	データフレームdfに列'kacl'が見つからない<tab>列名あるいはデータフレーム名を確認して直す
AttributeError: 'LinearRegression' object has no attribute 'future_importances_'<tab>model.future_importances_	feautureのスペルが違う<tab>futureをfeautureに直す
KeyError: ('部屋数', '低所得率')<tab>X = df['部屋数','低所得率']	カラム名は1つしか指定できない<tab>2つ以上のカラムを取り出したい時には、二重括弧を使う
ValueError: Expected 2D array, got 1D array instead:<nl>array=[104 134 129 129  99  56 107 111  65  93  86  54 137  54  40  64  66  73<nl>  63  57  53 134  80  70  65 160 139  72  59  64 104 118 113  56  50 121<nl> 151  83  80  49  45  62  39  56 120 128  74  53  56  91  64  90  92  76<nl>  82  69  74 126  73 111 126 125  45 171  48 151 100  78  60  56 145  77<nl>  84  77  53  40  53  88  56 153  54  56  85 113 131 101  65  52 120  97<nl>  56  56 157 126  50  84  55  47 107 131  58  62  82  87  75  59  55 129<nl>  58  61  53  54 128 109  55  45 102 126  50  46  68  72 122  65  51  54<nl> 129 115 107  85  57  90 123 100 126 145 116  80  53 110  68  71 121  58].<nl>Reshape your data either using array.reshape(-1, 1) if your data has a single feature or array.reshape(1, -1) if it contains a single sample.<tab>model.fit(X_train, y_train)	sklearnのfit()では、DataFrame型やnumpyの行列形式（縦ベクトル）しか使用できない<tab>二重括弧をつけるか、reshape(-1,1)をつける
ValueError: invalid literal for int() with base 10: '80 60 40 0'<tab>if int(a[j]) < P:	a[j]には複数の値が存在する<tab>intの中にを1つの引数にする
"KeyError: ""['犯罪'] not in index""<tab>X = df[['犯罪', '工場']]  # 説明変数"	データフレームdfに列'犯罪'が見つからない<tab>列名あるいはデータフレーム名を確認して直す
NameError: name 'i' is not defined<tab>for column in df.columns[i]:	変数iが見つからない<tab>iに値を代入する
NameError: name 'NN' is not defined<tab>N=NN % 10	変数NNが見つからない<tab>NN=...のように定義する
NameError: name 'raw' is not defined<tab>N=raw.translate(n)	rawが見つからない<tab>raw=...やスペルを確認する
TypeError: unsupported operand type(s) for %: 'range' and 'range'<tab>if B%A == 0:	A,Bがrange型になっている<tab>A, Bの型を数値型にする
"KeyError: ""['築年数'] not in index""<tab>X = df[['犯罪率','築年数']]"	データフレームdfに列'築年数'が見つからない<tab>列名あるいはデータフレーム名を確認して直す
KeyError: ('資産税', '教員比')<tab>X = df['資産税','教員比']	カラム名は1つしか指定できない<tab>2つ以上のカラムを取り出したい時には、二重括弧を使う
KeyError: 'remark'<tab>df['remark'] = df['remark'].map({	データフレームdfに列'remark'が見つからない<tab>列名あるいはデータフレーム名を確認して直す
ValueError: could not convert string to float: '特になし'<tab>model.fit(X, y)	文字列を数値に変えないと処理できない<tab>文字列を数値に変えるデータ前処理を行う
UsageError: Cell magic `%%atcoderhttps://atcoder.jp/contests/abc111/tasks/abc111_a` not found.<tab>get_ipython().run_cell_magic('atcoderhttps://atcoder.jp/contests/abc111/tasks/abc111_a', '', 'n=str(input())\nprint(n.replace(1,9))')	%%atcoderの使い方が違う<tab>%%atcoder<半角スペース><問題のURL> に直す
KeyError: '男性'<tab>sns.kdeplot(df.groupby('性別').get_group('男性')['G3'], shade = True, label = '男子学生')	データフレームdfに列'男性'が見つからない<tab>列名あるいはデータフレーム名を確認して直す
FileNotFoundError: [Errno 2] No such file or directory: 'boston.csv '<tab>pd.read_csv('boston.csv ')	boston.csvが見つからない<tab>ファイルのダウンロードし、ファイル名やファイルパスを確認をする
ValueError: not enough values to unpack (expected 4, got 1)<tab>a,b,c,d = map(int, input().split())	入力した値を入れる変数は4個あるけど、実際には1個しか入力されていない<tab>入力を4個に増やすか、変数を1個に減らそう
KeyError: ('soldout', 'kcal', 'payday', 'temperature')<tab>X = df['soldout','kcal','payday','temperature']	カラム名は1つしか指定できない<tab>2つ以上のカラムを取り出したい時には、二重括弧を使う
ImportError: cannot import name 'MLPRegressor' from 'sklearn.linear_model' (/usr/local/lib/python3.7/dist-packages/sklearn/linear_model/__init__.py)<tab>from sklearn.linear_model import MLPRegressor	import元が異なる<tab>from sklearn.neural_network import MLPRegressorにimportする
ValueError: invalid literal for int() with base 10: '--1000000000'<tab>a,b,c,d=map(int,input().split())	map関数を用いているが入力データが1つしかない<tab>4つの値を入力する
NameError: name 'ts' is not defined<tab>print(ts)	変数tsが見つからない<tab>ts=...のように定義する
TypeError: Could not convert 厚切りイカフライ手作りヒレカツ白身魚唐揚げ野菜あん若鶏ピリ辛焼ビッグメンチカツ鶏の唐揚豚のスタミナ炒めボローニャ風カツハンバーグタルタルinソーセージカツマーボ豆腐厚揚げ豚生姜炒めクリームチーズ入りメンチ鶏のカッシュナッツ炒め手作りロースカツハンバーグデミソースやわらかロースのサムジョン五目御飯肉じゃがタンドリーチキンカキフライタルタル手作りヒレカツ回鍋肉ポーク味噌焼き鶏の唐揚げ甘酢あんさっくりメンチカツ手ごね風ハンバーグ酢豚カレー入りソーセージカツ豚肉の生姜焼鶏チリソース手作りロースカツ鶏の照り焼きマスタードさんま辛味焼カレイ唐揚げ野菜あんかけ回鍋肉ジューシーメンチカツサバ焼味噌掛け手作りひれかつとカレー酢豚鶏のレモンペッパー焼orカレーチンジャオロース海老フライタルタルチーズ入りメンチカツ鶏の唐揚げメダイ照り焼ハンバーグカレーソースさわら焼味噌掛け鶏のピリ辛焼き手作りロースカツホタテクリ―ムシチュー鶏の唐揚げおろしソースますのマスタードソース回鍋肉ロース甘味噌焼きチンジャオロース海老フライとホタテ串カツハンバーグ和風きのこソースタンドリーチキン酢豚orカレーポークハヤシマーボ豆腐鶏チリソース白身魚唐揚げ野菜あんかけ手作りひれかつハンバーグカレーソース回鍋肉メンチカツチキンクリームシチューボローニャ風カツ海老クリーミ―クノーデル肉じゃがビーフカレー手作りロースカツカレイ野菜あんかけ鶏の唐揚げおろしソースチーズ入りハンバーグ越冬キャベツのメンチカツ鶏の親子煮マーボ豆腐手作りひれかつ肉団子クリームシチューロース甘味噌焼きキーマカレー青椒肉絲メンチカツ肉じゃが酢豚和風ソースハンバーグ青梗菜牛肉炒め肉団子のシチュー青椒肉絲鶏の唐揚げおろしソースチキンカレービーフトマト煮ポーク生姜焼きカレイ唐揚げ野菜あんかけ牛丼風煮鶏の味噌漬け焼き牛肉筍煮マーボ豆腐手作りひれかつ鶏の照り焼きマヨ中華丼タンドリーチキン豚味噌メンチカツマーボ茄子鶏の天ぷら肉じゃがメンチカツ手作りチキンカツきのこソースハンバーグ白身魚唐揚げ野菜餡かけメンチカツタンドリーチキンポークカレー豚肉と茄子のピリ辛炒め鶏の味噌漬け焼きチーズハンバーグサーモンのムニエル2色ソース牛肉コロッケ鶏のカッシュナッツ炒め牛肉すき焼き風鶏の唐揚げおろしソースいか天ぷらチキンカレーハンバーグケッチャップソースゴーヤチャンプルーたっぷりベーコンフライ鶏の味噌漬け焼き手作りロースカツ牛肉ニンニクの芽炒めカレイ唐揚げ野菜餡かけチャプチェタンドリーチキンキーマカレー牛すき焼き風ポークソテー韓国ソースビーフストロガノフアジ唐揚げ南蛮ソース炊き込みご飯マーボ茄子鶏のトマトシチュー豚の冷しゃぶキスと野菜の天ぷら牛丼鶏の塩から揚げカレイ唐揚げ夏野菜あんタンドリーチキン白身魚ムニエル手作りトンカツ和風ハンバーグかじきの甘辛煮チキンのコーンクリーム焼きプルコギポークカレー鶏のから揚げねぎ塩炒めソース豚冷シャブ野菜添え白身魚フライ豚すき焼きエビフライチンジャオロース八宝菜ジャンボチキンカツひやしたぬきうどん・炊き込みご飯豚肉のマスタード焼きバーベキューチキンメンチカツ鶏のから揚げスイートチリソース豚肉の生姜焼きハンバーグ（デミきのこバター）鶏肉のカレー唐揚豚キムチ炒めチキン香草焼きマスタードソースチキンカレーサーモンフライ・タルタル厚切ハムカツ洋食屋さんのメンチカツ牛スキヤキ豚ロースのピザ風チーズ焼きチキン南蛮ロコモコ丼白身魚の南部焼きキーマカレーカレイの唐揚げ豚肉の胡麻シャブチキンの辛味噌焼きビーフシチュー名古屋味噌カツ親子煮チキンステーキ・きのこソースメンチカツ鶏肉の山賊焼きハンバーグデミソースぶりレモンペッパー焼き手作りチキンカツポークカレーチーズメンチカツチキンフリカッセカレイ唐揚げ 甘酢あん厚切イカフライ筑前煮白身魚のマスタード焼き牛カルビ焼き肉ランチビュッフェ豚肉と玉子の炒め鶏肉とカシューナッツ炒め to numeric<tab>df['name'].mean()	列nameはmeanを求められない<tab>列nameの型を見直し、値に直すj
"ValueError: Found input variables with inconsistent numbers of samples: [10, 152]<tab>print(""MSE: "", mean_squared_error(y, y_pred))"	yとy_predのデータの個数が異なる<tab>len(データフレーム名[列名])でそれぞれのデータの個数を確認する
FileNotFoundError: [Errno 2] No such file or directory: 'bento_train.csv'<tab>df = pd.read_csv('bento_train.csv')	bento_train.csvが見つからない<tab>ファイルのダウンロードし、ファイル名やファイルパスを確認をする
NameError: name 'printlen' is not defined<tab>printlen((data1_c2))	printのスペルが違う<tab>print()に直す
AttributeError: 'DecisionTreeRegressor' object has no attribute 'feature_importance_'<tab>model.feature_importance_	featureとimportances_のスペルが違う<tab>featrueをfeatureに、importance_をimportances_に直す
TypeError: '(['通勤'], ['教員比'])' is an invalid key<tab>X = df[['通勤'], ['教員比']]  # ひとつ選ぶ	複数列を指定する際の個々の[]は不要<tab>df[[列名1,列名2,...]]にする
NameError: name 'add' is not defined<tab>add	変数addが見つからない<tab>add=...のように定義する
今回の範囲は難しく進まなかった。	今回の範囲は難しかったので、復習してみてください。
・198 POW?今回解いた問題の判定がTELばかりで、メンタルがやられました。	そんな日もありますよ。落ち着いて考えてみてください。
C問題は実行時間超過になってしまい、悔しかったです。	時間をおいてまた取り組んでみてはいかがですか？
今週の内容とても難しかったです。	そんな時は、落ち着いて少しずつ考えてみてください。
でも書ける気がしません。	大丈夫です。書けますよ！
関数が苦手なので理解するのが難しかったです。	関数は難しいので、また復習してみてください。
他にもこんな人がいるのか気になります。	自分のペースで進めていけば大丈夫ですよ。
かなり遅れているので不安ですが、頑張ります。	自分のペースで落ち着いてやっていきましょう。
その週ごとに進めていけばいいと思っていましたが、友人はかなり進んでいたので不安です。	大丈夫ですよ、焦らず自分のペースで進めていきましょう。
Nが1000の場合も考えていたため式が少し複雑になってしまいました。	そんな時は、落ち着いて問題文を読んでみてくださいね。
一昨日のABC199に参加しましたが、1問目しか解けず心が折れました。	大丈夫ですよ、だんだん解けるようになりますよ。
やはり例年通り最初のころのやる気がなくなってしまう...。	毎日少しでも取り組んで行きましょう！
演習問題も2問目で早速つまづいてしまい、これが”挫折”か......と悟った。	大丈夫ですよ、落ち着いて考えてみてください。
焦りしかない今回の授業のブレイクアウトルームで、個別にメッセージしてもらえ、そこから質問できたので、つまづいていたところをクリアできた。	質問をすることも良いですよね。
友達はもう30問目に進んでいると聞き少し焦り始めてきました。	大丈夫ですよ、自分のペースで進めていきましょう。
あまり進められてないので焦ってます。	大丈夫ですよ、少しずつ取り組んでみてください。
アップルパイとディスカウントをやって心折れました。	そういう時は、一旦他のことに取り組むのはいかがですか？
次回以降も解けるか不安。	ゆっくり考えれば大丈夫です！
特に差分の和で、入力する数(N)が毎回違うのが難しかったです。	焦らず頑張りましょう。
スマホ中毒を頑張って考えていたのですが、考えるべき例外が多すぎて挫折しました。	一旦時間をおいてまた考えてみてください！
興味があったので授業時間外に使用したところ何度もエラーを連発しとても悲しかったです。	そういう時もあありますよ。ゆっくり問題文を読んでみてくださいね。
難しいです。	大丈夫ですよ、ゆっくり取り組んで行きましょう。
最近追いつけていなくて焦っています。	大丈夫です。自分のペースで頑張りましょう。
Aはできるようになったけれども、まだBとCは難しいなと思うことが多いです。	難しい時は、細かく分けて考えてみてください。
やっぱりプログラミング苦手で結構難しかったです。	大丈夫ですよ、自分のペースで進めていきましょう。
今は文字列に取り組んでいるのですが、0から数えなくてはいけないことを忘れてしまったり、組み合わせ方が難しいと思いました。	そういう時は問題を見直してから進めていきましょう！
Colaboratoryを初めて使ったのでどこに入力しどう実行すればいいのか分からず戸惑いました。	初めてのことはわからないですよね。でも初めての経験って面白いですよ！
 だんだん問題が難しくなっていく中での、正解問題数が38なので、ペースが周りより遅いことはわかっていたのですが、不安が大きくなってきました。	焦らず、コツコツ取り組んでみてください。
B問題になると時間が掛かってしまいます。	だんだん解いていくことで速くなっていきますよ！
友達と話しながらやると面白いな、解けるなと思うことがあり解けると次の問題に行こうと思えるのですが、一人でやると1問で疲れてなかなか次の問題に進めない気がしました。	そういう時は、無理せず少しずつ進めていきましょう。
でも、頑張ったので、お腹がすきました!想像以上に授業の対面が始まったら忙しく、進められる時間があまりありませんでした。	大丈夫ですよ、焦らず自分のペースで進めていきましょう。
わからない問題はどんどん飛ばしていってしまっているので前期終わり、難しい問題しか残っていないのではと不安です。	大丈夫ですよ、だんだん解けるようになりますよ。
毎回、あまり進まず、時間がかかってしまうのを何とかしたいです。	コツコツ続けていけば、だんだん速くなっていきますよ。
一周間で10問ペースと考えると参ってしまいます。	細かく取り組んでいきましょう。
アルゴリズムはやっぱり難しいです。	アルゴリズムは難しいので、ゆっくり取り組んでみてくださいね。
すごく難しくなってきて困ってます。	他の人に聞いてみることも良いですよ。
特にグリッド圧縮と755にはかなり時間をかけているがまだ解けていない。	そんな時は、一旦他の問題に取り組んでみてはいかがですか？
関数難しかったです。	関数は難しいので、ゆっくり考えてみてください。
例題の入力をして、出力例が合っていたにも関わらずソースコードは間違っている判定をされた時にどこが間違っているのかを見つけるのが大変でした。	そういう時は、落ち着いて見直していきましょう。
c問題はやることが多くて大変です	やることが多い時は細かく分けて考えてみてください。
何回も不正解が出てしまい心が折れそうになりました	そういう時は、一旦他のことに取り組むのはいかがですか？
すごく難しそうです。	やってみたらできるかもしれませんよ、チャレンジしてみてください。
頭の中がごちゃごちゃになってものすごく時間がかかってしまいました	一旦、他のことに取り組んでみるのも良いですよ。
齋藤千種さんに1問助けてもらいました!リストをまだ使いこなせず、難しく感じた。	リストは難しいので、また復習してみてください。
先生の話が早くて全くついていけませんでした。	全て完璧でなくても大丈夫ですよ。後から振り返ることもできます。
第2回の範囲は、行列までで、両面印刷の途中で止まってしまっている状態です。	そんな時は、解ける問題から進めていきましょう。
ちょっと難しかったです。	そういう時は、細かく分けて考えていきましょう。
今回の授業はAtCoder行き詰りました。	そんな時は、一旦他のことをやってみてはいかがですか？
関数難しいです。	関数は難しいので、また復習してみてください。
だんだん内容が難しくなってきて一人では全く進められなくなってきて焦っています。	大丈夫ですよ、焦らず細かく分けて考えてみてください。
思っていたよりも1年でpythonの知識を忘れていて焦りました。	復習すればきっと思い出せます。
シミュレーションを使う、預金は難しいと思いました。	そういう時は、細かく分けて考えていきましょう。
どうすれば、またやる気になれるのでしょうか。	一旦、他のことに取り組んでみるのもオススメですよ。
今週は全くすすんでないです。	大丈夫ですよ、焦らず自分のペースで進めていきましょう。
今週は条件分岐の内容でしたが、私は繰り返し文が苦手だったので、for文やwhile文の違いがよくわかっていませんでした。	繰り返しは難しいので、また復習してみてください。
なかなかアルゴリズムになってから思うように進まないのですがゆっくり焦らずやろうと思いました。	いいことですね、ゆっくり焦らずやっていきましょう。
解けていない問題を進めていこうとしていますが、解ける問題がだんだんなくなってきていて焦っています。	そんな時は、少し離れてみてはいかがですか。
累積和とか全探索とかがまだあまり理解できず、解けない問題がごろごろと出てきてしまっています	累積和や全探索は難しいですよね、落ち着いて考えてみてください。
とりあえず、150問頑張ろうと思っていたのですが「無理では...」と思えてきました。	大丈夫ですよ、少しずつ取り組めば達成できますよ。
ビリヤードと秒針の問題はプログラミングがどうこう以前に数学力が試され、中高で習った数学の知識を過去に置いてきた私にはかなりの苦戦を強いられました。	そういう時は、細かく分けながら考えてみてください。
どこまで進められるか心配です。	ゆっくり進めれば意外と進んでいるものです。
適当なブレイクアウトルームに入りましたが、知っている子がいなくて、他の子達は知り合いっぽくてついていけなかったので相談などはできませんでした。	これをきっかけに仲良くなってみてはいかがでしょう。きっとみんなあなたの味方です。
演習問題がBやCばかりでいつもよりも難易度が高く難しかったです。	そういう時は、時間をかけて考えてみてください。
皆さん、早く出来ているのかと思うと心配です。	自分のペースで進めていきましょう。
割と忘れていたことも多かったので難しく感じました。	人間は忘れる生き物です。復習を繰り返しましょう。
わかったようで分からない	そういう時は、細かく分けて考えていきましょう。
周りに比べたらまだまだ進捗は遅いかもしれません。	大丈夫ですよ、自分のペースで進めていきましょう。
AtCorderが少し難しかったです。	ゆっくり取り組んでみてください。
これだ!と思って打ち込み、結果にREが出てくるとやっぱりへこみますね...(涙)	そういう時もあります。諦めずに頑張っていきましょう。
3.5の演習問題は消費税とソーシャルゲームに苦戦している。	消費税やソーシャルゲームは難しいので、ゆっくり考えてみてください。
アルゴリズムに入ってから授業内容に追いつけていないので焦っています。	アルゴリズムは難しいので、ゆっくり考えてみてください。
アルゴリズムに入ってから問題が難しくなり、AtCoderに取り組むのに腰が重たくなってきました。	アルゴリズムは難しいので、とりあえず1問というように少しずつ取り組んでみてください。
思った以上にプログラミングのことを忘れていて少し苦労しました。	ゆっくり復習をしながら進めていってください！
段々難しくなっていくのと他の科目の期末が近づいてきたことも重なり、自分のペースが落ちていることに焦りを感じます。	ペースが落ちても少しずつ進めていきましょう。
がんばります...どんどん難しくなって進みもとても遅くなってます。	ゆっくり考えながら取り組めば大丈夫ですよ。
もうだんだん追いつけてません。	大丈夫ですよ、ゆっくり進んでいきましょう。
預金が難しかったです。	預金は難しいので、また復習してみてください。
colabでは「print」を使わずに実行することができるので使わずにそのままAtCoderで提出したら不正解になってしまっていたことになかなか気がつかなかったため苦戦しました。	そういう時は、ゆっくりプログラムを確認しましょう。
簡単ではありませんでした。	プログラミングは難しいですよね。
後半に入ってやってる人とやってない人で差ができていてやばいなと思いました。	自分のペースで落ち着いてやっていきましょう。
難しくてかなり時間がかかってしまった。	大丈夫ですよ、自分のペースで進めていきましょう。
・アルゴリズムになってからすごく問題が難しくなってきたと感じます。	アルゴリズムは難しいので、ゆっくり取り組んでみてくださいね。
今日であれば友達は3回目の授業内容から進めるので聞きづらいです。	そういう時は、先生に声をかけてくださいね！
また慣れないアプリでの授業というのと、春休みで全く触れなかったせいもありだいぶ苦労しています。	少しづつ慣れていきましょう。
入力例を試して出力例が正しく出たとしても、実際提出するとWAで返ってくることが今回の第9回の演習問題では特に多く、苦戦しています。	そんな時は、ゆっくり問題を見直してみてください。
2回の演習問題はあと三つです!Colabではちゃんと出力できても、AtCoderではエラーになってしまうものもあり、難しいなと感じた。	そういう時は、ゆっくりプログラムを確認しましょう。
少しずつ慣れてきたいですPythonがすごく苦手で問題を解くスピードがかなり遅いのですが大丈夫でしょうか。	大丈夫ですよ、解いていけば速くなっていきますよ。
友達がほぼいないのでブレイクアウトルームが結構しんどいです。	これをきっかけに友達を作ってみてはいかがでしょう。きっとみんなあなたの味方です。
感謝!!今週は体調が悪くてなかなか進めることができませんでした。	そういう時は、無理しないことが大切です。
 また、最近気づいたどうでもいいことなのですが、AtCoderユーザ名が明らかに自分すぎて、AtCoder演習問題の進み具合がバレるかもと思い、失敗したなと思いました。	大丈夫ですよ、自分のペースで進めていきましょう。
毎日AtCoderをやる習慣がせっかくついたのにくじけそうです。	くじけず、一日1問でも取り組んでみてください。
今週も中々進まなくて辛いです、、。	コツコツ続けていけば、いつか進む時が来ますよ。
プログラミングが長く複雑になってきていて大変だと感じました。	長いときは、細かく分けてやってみてください。
list使うの苦手です...。	listは難しいので、また復習してみてください。
周りの人が進んでいると思うと焦ってしまいます。	自分のペースで頑張っていきましょう！
毎回結果がでるまでにやや時間があるので緊張してしまう。	緊張せず、気楽に取り組んでください！
論理式が難しくてなかなか解けないです。	論理式は難しいですよね、ゆっくり考えてみてください。
正直ここら辺からついていけるか心配です。	ゆっくり取り組めば、大丈夫です！
 1年生の時もそうでしたが、リストやfor文の内容に入ったころから一気に分からなくなってきてしまいました。	そういう時は、ゆっくり時間をかけて考えてみてください。
少し難しくなってきた。	ゆっくり取り組んでみてください。
簡単な並び替えなら簡単だが、複雑になるとわからなくなる。	並び替えは難しいので、細かく分けて考えてみてください。
AtCoderの方は最近、進みが悪くなりました!!難しくなってきました、、	時間をかけて問題を解いていくことも大切ですよ！
 時間を見つけて、楽しく解いてはいますが、目標のACの数に届くか心配になってきました。	楽しく解くことが一番なので、そのままコツコツ続けていきましょう！
また、自分の進め方が正しいのかなど不安になります。	大丈夫ですよ、自分のペースで進めていくことが大切です。
リストが難しく、友達に教えてもらわないと中々進めることができなかったです。	リストは難しいので、ゆっくり考えながら進めてみてください。
今週は全然手をつけることができませんでした。	そういう時もありますよ。ゆっくり進めていきましょう。
毎回、割と苦労してます、、。	地道に取り組むことが大切ですよ。
教わってようやく1問、、という感じです。	1問ずつの積み重ねが大事ですよ
元々進捗が他の方よりもかなり遅いので心配です。	自分のペースで頑張っていきましょう！
1年生の時に関数は触れる程度でしか学習していないので6の関数から難しく授業時間内ではあまり進みませんでした。	関数は難しいので、ゆっくり復習してみてください。
わからない問題があった場合飛ばして解くのですが、そうするとどのコードを使えばいいかわからなくなることがあります。	そういう時は、前後の問題の復習をしてみてはいかがですか？
全然遅れが巻き返せないです。	コツコツ進めていきましょう。
今日の内容は30で詰まってしまったため、25~31までしか進みませんでした。	大丈夫ですよ、自分のペースで進めていきましょう。
第9回の問題がCが多くて苦戦し、時間がかかってしまいました。	第9回は難しいので、大丈夫ですよ。
第二回の講義の範囲となってしまいますが、コンテストの開始時間の問題が難しくてかなりてこずってしまいました。	開始時間の問題は難しいので、また復習してみてください。
最初の4問だけ解けましたが、それ以降は本当に難しくて歯が立ちませんでした。	そんな時は、一旦昔の問題を解いてみてはいかがですか？
あまり進みませんでした。	大丈夫ですよ、自分のペースで進めていきましょう。
プログラムをやっていると、これでできたか?と思ってもエラーになってしまってなかなか苦戦しています。	そういう時は、ゆっくり見直しをしてみましょう。
すべての授業が終わってるまでに問題が解き終わる気がしないです。	自分のペースで進めていきましょう。
少しペースが遅かったため、ゴールデンウィークの間に進めたのですが、同じルームの子に追いついただけだったので悔しいです。	自分のペースで進めていけば大丈夫ですよ。
星集め、差分の和にも挑戦したのですが分かりませんでした。	ナイスチャレンジです。
元々、listが苦手なので他のものより進むのに時間がかかってます。	苦手な部分は、ゆっくり復習をしながら進めていきましょう。
アルゴリズムから難しくなかなか進まないです...。	アルゴリズムは難しいので、ゆっくり考えてみてください。
今回の演習問題は、前回よりは難易度が上がったと思いました。	だんだんと難しくなっているので、ゆっくり取り組んでいきましょう。
難しかったです。	お疲れ様です。
特に、「81」と「ケーキとドーナッツ」の問題がなかなかうまくいかず悩みました	81もケーキとドーナッツも難しいので取り組んでいってえらいです！
今週はあまりできませんでした。	大丈夫ですよ、自分のペースで進めていきましょう。
 初めの方は比較的スムーズに解き進めていましたが、電源プラグなどで時間を取られてしまいました。	大丈夫ですよ、解いていくことでだんだん速くなりますよ。
ちょくちょく進めないとと思うのですが、パソコンを開こうという気持ちにならないことが理由だと思います。	コツコツ進めていくことが大切ですよ！
 AtCoder演習問題はまだ進めていません。	大丈夫ですよ、焦らず自分のペースで進めていきましょう。
また、1回目の課題でどうしてもわからないところなど前の授業でできなかったところをどう解決したら良いかわかりません。	そういう時は、先生に声をかけてくださいね！
終わりに近づいてきてさらに難しくなったと思います。	もう少しです！頑張りましょう！
WAが連発でなかなかてこずっており2問しかACが出ていません。	大丈夫ですよ、落ち着いて考えてみてください。
二乗誤差で見事に沼りました。	二乗誤差は難しいですよね、ゆっくり考えてみてください。
私はA+取りたいので頑張って問題解こうと思ったのですが一問解くのに時間がかかりすぎてすでにお先真っ暗です。	大丈夫ですよ、解いていくことでだんだん速くなりますよ。
総まとめ復習みたいな問題が多いなと思ったのですがやはりリストとか文字列とかが苦手だなと感じてしまいました...	苦手な部分は、復習しながら進めていきましょう。
 最近1問解くのに時間がかかってなかなか進みません。	粘り強く取り組めば、だんだん速くなりますよ。
見やすいように名前を入れたのですがどこがダメなのかよくわからないです。	そんな時は、落ち着いて見直してみましょう。
二重誤差が難しかったです。	二重誤差は難しいので、また復習してみてください。
リストの扱いが苦手で第4回テキスト内の例題を丁寧に進めていたら授業中に演習問題にたどり着かなかった。	リストは難しいので、ゆっくり進めていってください！
どうしても思いつかず、他の人が解答したプログラムを見てprintで途中を表示しながらこういう流れだと理解することが増えていて自分の力になっているのかが不安です。	内容を理解することで自分の力にしていくことができますよ。
今までの範囲でも難しいなぁと感じていたのに、関数という新たな強敵も出てきて、世も末って感じです。	関数は難しいので、ゆっくり復習してみてください。
全体的に前回の問題よりも難しく感じました。	だんだんと難しくなっているので、ゆっくり取り組んでいきましょう。
 アルゴリズムについての内容に入り、難しいな、、、と感じています。	アルゴリズムは難しいので、時間をかけて考えてみてください。
例題は上手くできたが、AtCoderで自分で考えるのが難しかった。	そういう時は、細かく分けて考えていきましょう。
数回前の授業から既に授業きついていけていませんでした。	そんな時はわからないところに戻って考えてみてください。
文字列圧縮と1時間くらい格闘しましたが負けました悔しいです!!!!!!前の部分を進めました。	時間をおいてまた取り組んでみてはいかがですか？
今後が心配です。	大丈夫ですよ、ゆっくり取り組んで行きましょう。
どのようにアプローチすればよいか思いつきません。	相談してヒントをもらうことも時には大切です。
実行時エラーや、不正解の連続で気が折れてしまいそうです。	そういう時は、一旦他のことに取り組むのはいかがですか？
だんだん難しくなってきているとひしひしと感じています。	そんな時は、ゆっくりと取り組んでみてください。
授業中に半分くらいしか進まないので毎回の課題が溜まってしまいます。	少しずつ進めていくと良いですよ。
関数難しいです。	関数は難しいので、ゆっくり復習してみてください。
これが何をしているのかよくわからなかった。	そういう時は、落ち着いて問題文を見直してみてください。
友達に質問しずらくなってきた...。	先生に声をかけて大丈夫ですよ。
やばいやばいと思いつつ全然進めない自分が嫌になります難しくて何から手を付けていいかわかりませんあと三回なので、最後まで頑張っていきたいと思います。	そんな時は、一回前に戻ってみてください。
 教職のために、計算機数学IIも履修するつもりでいますが、不安です。	大丈夫ですよ、計算機数学Ⅱもできるようになりますよ。
c問題が増えてきて、難しくなってきた。	c問題は難しいので、ゆっくり考えてみてください。
テストが落ち着いたらレポートにも取り組みます深さと幅優先探索がどんなものかはなんとなく理解できましたが、果たしてこのコードを理解し更にかけるようになる日は来るのかと感じました。	使っていけば、理解できるようになる日が来ますよ。
今日のzoomで、周りの生徒の進捗状況が自分よりもだいぶ早そうで、とても焦りました。	大丈夫ですよ、焦らず自分のペースで進めていきましょう。
今日は前回に比べて問題があまり進まなかった。	大丈夫ですよ、ゆっくり取り組んで行きましょう。
問題番号は70番くらいまで進んでるけど解けた数だと58問ということがわかったのでちょっと焦ってきました。	大丈夫ですよ、少しずつ取り組んでみてください。
本日のブレイクアウトルームも他の先生では行わない交流の機会を設けてくださりうれしいのですが、友人が一人もおらず、ちきって入れませんでした。	みんなきっと優しいですよ。応援しています。
問題自体はクイズみたいでアルゴリズムを考えつくことは比較的容易なのですが、コードで表現する部分に苦戦しています。	問題を重ねていけばコードで表現する力もついていきますよ！
慣れるまで少し時間がかかりそうです...	大丈夫ですよ、ゆっくり取り組んで行きましょう。
内容が難しくなって思うように進まなくなった。	そんなときには、一旦前に戻って考えてみてください。
Pythonもなかなか答えにたどり着けなくなってきて悔しいです。	悔しいという思いはいいことですね。ゆっくり解いていきましょう。
AtCoderの課題リストの反映がたまにおかしい時があるので、きちんと先生にも反映されているか心配になることがあります。	そういう時は、先生に声をかけてみてください。
ゴールデンウィークはサボってしまってあんまり全然進みませんでした。	そういう時もありますよ。ゆっくり進めていきましょう。
ラストスパートなのに先週に引き続きやる気が起きなくて危機を感じてます。	とりあえず取り組んでみましょう！
全くついていけないです。	大丈夫ですよ、自分のペースで進めていきましょう。
苦手ということもあり、やろうと思うまでに時間がかかってしまいます。	少しでも取り組んでいくのが良いですよ。
python進めるやる気が出なくなったのですが、そろそろテストも終わり、また期末が来てしまうので今のうちに頑張らなくてはならないなと思います。	やる気がなくなったときには、一旦甘いものなどをとって休んでみては？
前よりも授業内に進むスピードが遅くなっていると感じます。	だんだん解いていくことで速くなっていきますよ！
出遅れている感があり焦っています。	大丈夫ですよ、焦らず自分のペースで進めていきましょう。
内容が難しい。	そんな時は、細かく分けて取り組んでみてください。
だんだんと番号が大きくなるにつれ、内容も重くなってきていると感じます。	だんだんと難しくなっているので、ゆっくり取り組んでいきましょう。
最初のほうはスラスラ解ける問題もありましたが、非常に難しいと感じる問題が増えてきました。	ゆっくり時間をかけて取り組んでみてください。
メンタルがやられそうですが、頑張ります。	自分のペースで頑張っていきましょう！
達成できるか不安です...。	コツコツ進めていけば大丈夫ですよ！
ランタイムエラーが何回か出てしまって困りました。	そういう時は、ゆっくりプログラムを確認しましょう。
今週はいろいろ予定がたまりすぎて進みませんでした。	大丈夫ですよ、自分のペースで進めていきましょう。
defを使うやり方を去年授業で確認してたはずなのですが、あまり理解出来ていなかったらしく、進みが遅くなりそうです。	そういう時は、時間をかけて復習してみてはいかがですか？
ほかの科目の課題が多すぎて泣けます。	コツコツ進めていきましょう！
12回目難しいです。	そうですね、12回目は少し難しいのでゆっくり読んでみてください。
急に難しくなってきて全然理解できなくて落ち込みました。	そういう時は一旦他のことに取り組んでみるのも良いですよ。
 今週はAtCoderをそんな進めることができませんでした。	大丈夫ですよ、自分のペースで進めていきましょう。
自分で考えたプログラミングが間違っていて、他の方の回答をみてみると、そんなに簡単にできるのか!と思うほど短くやっていて、自分は全然分かってないと落ち込みました。	大丈夫ですよ、取り組み続ければだんだん短くできるようになりますよ。
今日の関数はとても難しかったです。	関数は難しいので、また考えてみてください。
今までif、whileを使うときは問題に条件文で書いてある場合や、使って解きなさいと書かれている状況下でしかなかったので、電気プラグの問題でどのように考えれば上手くたどり着くのか自力では思いつきませんでした。	そういう時は細かく分けて考えてみましょう。
目標は100問ですが、これからもっと難しくなるだろうし目標を達成できるか心配です。	大丈夫ですよ、自分のペースで進めていきましょう。
ほかの中間試験が一通り終わったのでこの授業も本腰入れておこうと思います関数が入ってから全然進みますん。	関数は難しいので、ゆっくり考えてみてください。
平均点難しかった。	平均点は難しいですね。また復習してみてください。
別の話になってしまうのですが、後期の計算機数学は対面でやりますか?あと残り3回と知って焦っています。	焦らず、ゆっくり取り組んでみてください。
星集めはちょっと難しいですAtCoderは50(おつり)まで進みました。	星集めは難しいので、また復習してみてください。
1年のプログラミングの授業をオンラインだったのもあり、途中からわからなくなったのを放置していたので全くわからない状態です。	そんな時は、一旦前に戻って復習していきましょう。
わからないところを飛ばしてどんどん進んでしまっているので、進捗はあまりよくないと思います。	そんな時は、ぜひどこかで昔の問題に戻ってみてくださいね。
まだなんとかなると信じてます...ちょっとした打ち間違えや問題の読み取りミスが多くて参りました。	落ち着いて問題に取り組んでみましょう。
関数を使い慣れていないので難しかったです。	関数は難しいので、また取り組んでみてください。
チャレンジ問題授業内で少しやろうかと思ったのですが、難しくて、一度断念。	一旦他のことをやることもいいですよね。
去年は一人でプログラミングの授業を受けていたので不安だらけでした。	わからない部分は、声をかけてくださいね。
 アンケートに目標が150問と書きましたが、現在60問ほどしか進んでおらず、来週からアルゴリズムになるのにまずいな、、、と思いました。	焦らず、自分のペースで進めていきましょう。
また改めて、while、for構文に苦手意識があるなあと思いました。	苦手な部分は、ゆっくり復習をしながら進めていきましょう。
今日はPCの調子がおかしく、Colaboratoryが動かなかったりカーソルが動かせなかったりで全然進みませんでした。	そういう時は、無理せずできることをやってみてください。
大きい躓きというよりは小さいものなので先生にも対面ならいいですがオンラインだと聞きづらいです。	大丈夫ですよ、気にせず声をかけてみてください！
進んでいなくてかなりまずいです。	落ち着いて少しずつ取り組んでみてください。
分からなくて、他の人のコード参考にしようと思っても全然理解できなくてやばいって思ってます。	そういう時は、いろいろなコードを参考にしてみてください。
頑張ればA、A+は必ず取れるので明確な基準設けてくれるのありがたいと思いましたA+取れるように頑張ります12回以降は難しすぎて、やる気が出ません	一旦、他のことに取り組んでみるのも良いですよ。
13日のABC、C問題まで解けた、が、振り返ってみるとびっくりするほどややこしいやり方で解いていて、後悔した。	まずは解けたことが大切です。
演習問題は差分の和で詰まってしまい、悲しかったです。	時には休むことも大切ですよ。
第8章から解説を見ながらでないと解けなくなってきていて焦ります。	焦らず、じっくり考えてみてください。
アルゴリズムが本当に難しいです。	アルゴリズムは難しいので、時間をあけて再度取り組んでみてください。
私には難しい。	そんな時は、細かく分けて取り組んでみてください。
特に、for文や演算系(+=など)を使うべき問題が難しかったです。	for文は難しいので、ゆっくり考えながら進めてみてください。
20日は休講で特にやっていないため何も進んでいません。	大丈夫ですよ、自分のペースで進めていきましょう。
最近自分一人で解ける問題が全然なくて焦っています。	大丈夫ですよ、取り組んでいけばだんだんできるようになりますよ。
